,cad_recursive_LSTM_pred,aud_recursive_LSTM_pred,gbp_recursive_LSTM_pred
0,-6.454636567899982e-05,0.0008971514439522297,-0.00020546409737039545
1,1.622752943948465e-05,0.0007913942569846176,-0.0005486856900481443
2,-4.417981931858715e-05,0.0008175689622489826,-0.00046047441486759123
3,-0.00011661094315769616,0.0008211763393060833,-0.00017588062255953632
4,-7.612110998064514e-06,0.0007597326565456199,-0.00020340163125062236
5,2.583822912841277e-05,0.000880116859537754,-0.0007141167499334023
6,-3.798453103078715e-05,0.0006678208013340523,-0.000620138620083364
7,1.5266982670074722e-05,0.0010467414096811938,-0.00026106140575198793
8,-0.0001011768701414501,0.0006565892350685768,-0.00022750722543717544
9,-1.0616394460491272e-05,0.0009233457024048349,-0.0004391092727576531
10,-4.2895374307742016e-05,0.0007272095851360134,-0.0002960417008452829
11,5.608490949742694e-05,0.0009269665878712189,-0.0006652480861996957
12,-0.0001947533631038719,0.000695103681042573,0.0004493632532708824
13,0.00028742405388422623,0.0011768867142459983,-0.0008188214197904426
14,-0.00019855940121701565,0.0005078334834068826,-0.0002576882748941263
15,-5.011800183640373e-06,0.0011210534558957297,-0.00037843847692080736
16,-0.0001589583301469217,0.000608261469706217,-0.00016096285702021408
17,-4.492385727784118e-05,0.0009787565275920327,-0.0004989597223620258
18,-5.5609570288168884e-05,0.0007694695857769986,-0.00025282402704855124
19,6.794206716942399e-05,0.0009558302581903552,-0.0005583680867758185
20,9.45668201272706e-06,0.0007777684348606412,-0.0005099828648092783
21,-8.28276227731884e-05,0.00092963936321388,-0.0004919733860281666
22,-8.607180079622204e-05,0.000717959074484915,-0.00015237121193802921
23,3.695423611526994e-05,0.0008670686690835087,-0.00022317781982726607
24,-6.608143244377406e-05,0.000654923882655788,-0.0006728668134439435
25,9.384105169747589e-06,0.0009381940003482738,-0.0004258463464101211
26,1.376997679304054e-05,0.0007936113249011185,-0.0003622226448562101
27,1.890452552590988e-05,0.0009369279767219692,-0.00024346361821129425
28,-0.00013891577348350886,0.000853840699297742,-0.0002851596514461724
29,1.5467525623883746e-07,0.0009768315227116004,-0.0004775313448201359
30,-0.00011729495625017872,0.0006769204769452974,-0.000381753901879682
31,2.070210027683415e-05,0.000981424455577274,-0.00030240072518220127
32,-3.060219071722735e-05,0.0006259926003409929,-0.0004908572895249313
33,-5.81388591828282e-06,0.0009073525620834377,-0.0003550716594638342
34,-5.078645018466103e-05,0.0008557026154647015,-0.0002996337816057105
35,3.442540154694375e-06,0.000844101167887257,-0.0005189242397713855
36,-4.582464312532245e-05,0.0008323293656325749,-0.00022890560597432834
37,-4.643952783473235e-07,0.000954540887294304,-0.00035668676893072985
38,-4.455995615109506e-05,0.0007283082407655489,-0.0004256472544266015
39,-9.902032907123463e-05,0.0008910542612777185,-0.0001653549395515973
40,-1.4334344705990052e-06,0.0008395337030016521,-0.0006120652187131758
41,4.4269505863111334e-05,0.0008133227123762393,-0.0003963632692472297
42,2.0581822925692523e-05,0.0009486945808674666,-0.00046239662922752974
43,-9.133547344105698e-05,0.0007810458004636224,-0.0004839297828465354
44,-4.3325905602326455e-06,0.0010568046266942654,-0.000314256283387431
45,-0.00011744421372166749,0.0005973786441072654,-0.00024886214121652825
46,1.304474132772548e-05,0.0010933807457769674,-0.00043786227600431805
47,-7.630006582276937e-05,0.0006455673610064065,-0.0003928495780180219
48,4.392816202601255e-05,0.0009993201803228846,-0.000390976047131313
49,-8.500082173838768e-05,0.000714801100227253,-0.00033187531772201133
50,-7.490315840909148e-05,0.0008845956227753407,-0.0003296348552062576
51,-3.957490607426877e-05,0.0008104728757773971,-0.0002569408351160873
52,4.698993638534857e-06,0.0008172583241508284,-0.0005242213864648526
53,-0.0001995534107156516,0.0005339307513270233,-9.919379905237751e-05
54,0.00011756731868243397,0.0011268228073375353,-0.0003140050847408571
55,-4.154500411394042e-05,0.0005252822660391953,-0.00040070390321739717
56,-1.4222700510180662e-05,0.001078352568361842,-0.0005272837040978583
57,-3.9001666154031115e-05,0.0008996130215425551,-0.0001978333164162772
58,-5.913374230884403e-05,0.000875075613165964,-0.0004391809014711941
59,5.386667237965518e-06,0.0009875762681324225,-0.00035941523529249325
60,-2.923892509912285e-05,0.0007781918717447289,-0.0005150372438537985
61,-4.659153612114585e-05,0.0008999656508591092,-0.00023112116274522361
62,-2.879260750714642e-05,0.0007310936566640573,-0.0006119041597835405
63,-9.352110902685707e-05,0.0007795481029005801,-0.0003687198324410871
64,2.585871819827784e-05,0.0008674313844989124,-0.00026766533141121525
65,-7.424587292946917e-05,0.0007838074908780683,-0.00021874154789066505
66,5.696717847614356e-05,0.0009688132518894597,-0.0005218984519812865
67,-7.236357535715128e-05,0.0008990538622349805,-0.00046406220886575445
68,-5.129837249623795e-06,0.0008340849750816045,-0.0002713491737563012
69,-9.137250145374923e-05,0.0009118742162603674,-0.00039756574276390323
70,-2.4035082321499748e-05,0.0008126817260506835,-0.0005363759883982415
71,-0.00010408944547673413,0.0008025421519708895,-0.00023130601770351977
72,2.9783261425212793e-05,0.0008797240447935386,-0.0002197036087212614
73,-0.00010099472797331214,0.0007533009280248469,-0.0003118423034789159
74,0.00010649049624498028,0.0007814174576690998,-0.0004947253602938108
75,-0.00010106484422228268,0.0008194936981037353,-0.0003708286944683287
76,-1.4702750562123364e-05,0.0007883095899766383,-0.0003224525607592742
77,1.175984605894683e-05,0.0009473548775749564,9.831457124116468e-05
78,7.0625287757383015e-06,0.0009421120237428709,-0.0006594451914023851
79,-0.00011303170549288192,0.0008115819784172654,-0.0004099101263230366
80,-2.961576160243956e-06,0.0009436161180637013,-0.00045122635725814233
81,-7.812667620756075e-05,0.0006775123658071468,-0.0004644559253546766
82,3.644382397230136e-05,0.0008989164274224046,-0.0002729505627106536
83,-5.826781058345392e-05,0.0008227173869238989,-0.00038496427218317645
84,-4.664672388189288e-05,0.0009005773170499628,-0.00028783943098342367
85,-4.110469641628676e-05,0.0008890282091945002,-0.00033027014038130567
86,-3.336582732370838e-05,0.0007777721988868361,-0.0005456562385916182
87,-3.229685829584603e-05,0.0007784105624823609,-0.00027757799948088346
88,-4.015150020620468e-05,0.0009496445323261223,-0.0005224741270577146
89,-3.800682810191316e-05,0.0007451981683687058,-0.00024232981161038302
90,-0.00013670443876568256,0.0010470804991564663,-0.000267969995996849
91,7.000422545583098e-05,0.0008630339312734516,-0.00048820940314254515
92,-5.6341456761176985e-05,0.0007998542908083675,-0.00038200707801059865
93,-8.16047379917125e-05,0.0007495768675527828,-0.0003702598688148412
94,3.6598480860469435e-05,0.0008681252961122664,-0.00045752624836328446
95,-6.679051032357103e-05,0.0007601540004278584,-0.00032213236008947054
96,-8.957595989318598e-05,0.0007988914920865474,-0.0003375666468972689
97,-1.0858155820296671e-05,0.000838525295959926,-0.0003214969803249669
98,-3.0573130645226564e-05,0.0008282965629154299,-0.00028051827831353503
99,-1.3639894829683678e-05,0.000896161281880121,-0.0004658683771511145
100,-0.00011070693980412624,0.0007835424282011989,-0.00021132154064888644
101,2.6727360493094153e-05,0.0009086560005200789,-0.0004918102807529556
102,-2.999190418038726e-05,0.0007809572776393721,-0.0004584776168255092
103,-0.00010985380536322132,0.0008094482372280621,-0.0003341119038965296
104,0.00011340466779820408,0.0009668299386710374,-0.00041878744203969223
105,-0.00014092511291121225,0.0007725631197195881,-0.0005758660856641064
106,3.6151858380944585e-05,0.0009724537760164288,-0.00020911773207215359
107,-6.05304752374029e-05,0.0007521202129306701,-0.000288678962499075
108,1.048018547281944e-05,0.0009310466999509215,-0.00029155258810308114
109,-5.476856853744972e-05,0.0007969618999792598,-0.0003900315212175826
110,-6.934338958087115e-05,0.0007367847252404124,-0.00038177209606114054
111,-2.5429175979771953e-05,0.0009180141717197574,-0.0003540443036194366
112,-4.832468191960537e-05,0.0006938903593120754,-0.0003718959187487198
113,3.200460398370301e-05,0.0007608556938496802,-0.00029422033364501427
114,-7.383464345200716e-05,0.0008968888512494556,-0.0004120276857004023
115,-5.98878801678964e-05,0.0008729005723457563,-0.0007586184603891051
116,-0.00013735796159319573,0.000889391984700756,-0.0004188574199751427
117,-1.6483830485198187e-06,0.0009303683731323395,-6.73017795076282e-05
118,2.943680359564535e-05,0.0007240845707839663,-0.00032351214284796173
119,5.825325691893752e-06,0.0009117232979207805,-0.0003243814742462964
120,-7.87093933936152e-05,0.0006591486251196593,-0.000340457048829978
121,1.2599718244485926e-05,0.0009899668980517704,-0.0004883063294715208
122,-4.003823117264468e-06,0.0007796118638525757,-0.0005472168323802458
123,1.698580345971891e-06,0.0009767799285854062,-0.00022166909768905657
124,-0.00016476577595830367,0.0008454521964077084,-0.0003173927325229453
125,6.547147993188637e-05,0.00082882514370921,-0.00028658868554978995
126,-9.946014918962563e-05,0.0008089731483657582,-0.0003765768356572989
127,-2.7958513669733253e-05,0.0007839286768487228,-0.00024135757844235826
128,-0.00014743223209311553,0.0007210686165560875,-0.00023952237083432187
129,6.113847423033084e-05,0.0008704487230130748,-0.000339115313020631
130,-4.821010848822431e-05,0.0008137993226670755,-0.00046062601711932566
131,7.496170817029514e-05,0.0009016045030557341,-0.0006171654575651343
132,-0.0001274489568333335,0.0009504247800463804,-0.0004114133529714889
133,5.7212264187952595e-05,0.0008775162210094908,-0.0003167217901347873
134,-4.5765771096436255e-05,0.0009559963965724899,-0.00027843952786305547
135,-0.00011637210511597943,0.0007337085542866534,-0.0005129616437448943
136,5.715777910367263e-05,0.0008325241356922036,-0.0003546406236573205
137,-3.347874403912688e-05,0.0007053072750256169,-0.000400687760426883
138,-0.00016882792316653963,0.0008189892185166066,-0.00026244011850351577
139,7.202117918231359e-05,0.0007615347675613823,-0.0002586850814764362
140,-0.00010064210102248834,0.0007388817966332373,-0.0001223004124430663
141,0.00011751484367144975,0.0009842805783094456,-0.0005598528563651323
142,-0.00013473992534069652,0.0005464029334378747,-0.00046310503308825783
143,3.0360289603527324e-05,0.0011245585682283952,-0.000431976397386107
144,-4.473510714530786e-05,0.0007068289827615859,-0.00045683217860793726
145,-4.849018443084008e-05,0.0010239753244709715,-0.00027450903106941986
146,-5.9478267624309445e-06,0.0008088577040536746,-0.0002963916062090714
147,-1.081477476901222e-05,0.0009710594624858869,-0.0003812480630161091
148,-7.067798615204056e-05,0.0007023502355595993,-0.00020607155362410728
149,0.00012851415887869144,0.0009554374314748518,-0.0005321184235267377
150,-0.00023045363386604387,0.0006257568570481063,-0.00026119804127708264
151,0.00014096220376037246,0.0009756737829107732,-0.00027348637227052634
152,-4.917709925924609e-05,0.0008722760481475789,-0.0004640136149599175
153,-6.7466665262697335e-06,0.0008426574790827438,-0.0003672969483122276
154,-4.5062979169048506e-05,0.0009299981754976784,-0.0005575784337350767
155,8.415614746279868e-06,0.0008443102219707414,-0.0005107782551328976
156,-5.5629344978420456e-05,0.000849540858894792,-0.00028664733756817985
157,-5.740080630832285e-05,0.0008422110920406041,-0.0003752489175415238
158,-1.8192317211703083e-07,0.0008700255463831701,-0.0002710182703948139
159,-1.8706080446162335e-05,0.0008038851962457947,-0.00038076310081708125
160,-0.00011408904384662374,0.0008348781331165252,-0.00027828187291320565
161,5.97118340547515e-05,0.0009285098800781312,-0.0004585627082487514
162,-4.9041842834770163e-05,0.0008007587791157493,-0.0005179073927314454
163,-0.00015754083839626768,0.0007271239868048451,-0.00025849316869821755
164,0.0001314965420336705,0.0010418120940383078,-0.00037208755737725633
165,-0.00018978932616899364,0.000526187996600901,-0.00032029954252839695
166,6.923391576084684e-05,0.0010337266304919618,-0.00029259849112843515
167,-3.509534655499406e-05,0.0007978672665918236,-0.0005188601219328828
168,-9.95113982969979e-06,0.0009087888344604162,-0.00037627603824561505
169,-4.741842352616626e-05,0.0008917212893522269,-0.0003294378677984345
170,-3.744944673574524e-05,0.0008184847586051521,-0.0001969940482541927
171,2.7903098994882042e-05,0.0008057414907033757,-0.0003001161202654724
172,-3.905900131706157e-05,0.0008378549387374674,-0.0004546213467085236
173,8.224519964955724e-05,0.0008708353043700145,-0.0003949327555819289
174,-0.0002479455561005845,0.0007867356497245744,-0.0003896284923293246
175,1.7037658208754414e-05,0.0009488962151423902,-0.00034202501468903344
176,1.8104366655045285e-05,0.0008284381406768743,-0.00041547471282483674
177,-5.009704082501474e-05,0.0007075124782155973,-0.00018884052524196574
178,-0.000108189395135989,0.0009595807201272213,-0.0004058845678289485
179,-2.0080802830122536e-05,0.0006884495001421183,-0.0003135017238253626
180,0.00010033547905029908,0.0009445437546516371,-0.0002575162258608549
181,-7.92645112642923e-05,0.0008386514772217599,-0.0005354019323982933
182,0.00011945030481559375,0.0008803418788664102,-0.0001995973117283332
183,-0.00011761107366048085,0.0009617019113594673,-0.0005817346856716284
184,2.971651549668829e-07,0.0007971618210970263,-6.772721960184464e-05
185,-1.0916908582689581e-05,0.0009110285191991249,-0.00013232064381837769
186,5.0878878634668e-05,0.0008184065491842239,-0.0007184935629918428
187,-9.761864576149748e-05,0.0007173653190837683,-0.00041854036935525093
188,7.2205556795134e-06,0.0009305098561145648,-0.00043736955562744635
189,-6.937745153010368e-05,0.0009150050308240909,-0.00022873924390792423
190,-8.958939889152294e-06,0.0006909366241796236,-0.0005128705296356013
191,-1.4375432784717644e-05,0.0011104122216674746,-0.0004207908713940821
192,-7.359254444073641e-05,0.0007719499898735046,-0.0003476270661224497
193,0.00012217512792227938,0.0009111001053617187,-0.0004575098589137208
194,-0.0001915463869484644,0.0008040159724187236,-0.00020107428926632108
195,7.992530848724109e-05,0.0009039033466625167,-0.00042777674106915503
196,-6.581124180466974e-05,0.0007540999451955738,-0.0005469619165875629
197,-5.485703246485064e-05,0.0008449497196844129,-0.0003470727184225473
198,-2.6321257921267102e-05,0.0007822832944217794,-0.0002710003453517221
199,5.4016637373112445e-05,0.0009748475678351224,-0.0005294866745753414
200,-0.00012250275611689498,0.0007673642044570461,-0.0003532681188336818
201,3.0220249305440992e-05,0.000992731897437778,-0.0001450568650366446
202,-0.0001014008863175543,0.0007791535467701863,-0.00024295655955017666
203,-3.5457173339822316e-05,0.0008582654520936112,-0.00035399481285209797
204,2.379971581818996e-05,0.0007015353342849659,-0.00034829718141396796
205,-4.202216448019503e-05,0.0007653170322775685,-0.0003906800693635838
206,4.3238879609013226e-05,0.0009369130465031554,-0.0004709186772197443
207,-7.086877580821121e-05,0.0007655166716345613,-0.0004767108071328462
208,-7.166929993440927e-05,0.0009983302443103605,-0.0003057463029401051
209,2.508808233262937e-05,0.0008067530318348891,-0.00042106421600799054
210,8.081903775721273e-05,0.0010013761354189536,-0.0002665746851514776
211,-0.00010279918356927952,0.0007058959709050311,-0.0003409063869566318
212,-7.655988319068749e-06,0.0010053798318613032,-0.0004831442518145107
213,2.572602037725425e-05,0.0008722827338014051,-0.00011313046177191275
214,-7.438642115098528e-05,0.0008788389985001056,-0.0005894965484384397
215,-9.656891895372865e-05,0.0008184784857971472,-0.00040225252006129527
216,2.6784115914767015e-06,0.0008308074483597265,-0.00019286022213879257
217,-1.2355642854281124e-05,0.0007934485507660388,-0.00026444165322966505
218,-8.054397245362811e-05,0.0007284374524422938,-0.0004728275378424969
219,-6.093646498356175e-05,0.0008637261430929087,-0.0007134787355840218
220,-4.1864105079876506e-05,0.0009483665911347161,-0.0002544053108784829
221,-4.343889688901826e-05,0.0006787288249427133,-0.00013786632232812982
222,9.225694048854637e-05,0.0011147764661339989,-0.00036878025912411613
223,-0.00012777812237097888,0.0006172347795145878,-0.0004553426142329493
224,-7.314208349584596e-06,0.0010116098568125262,-0.0003197507202718739
225,-1.4639109984838596e-05,0.0007459972625083402,-0.0002911317922293043
226,2.213446736901326e-05,0.0009233175854176253,-0.0005258448745435276
227,-5.574286009815842e-05,0.0007970218888297414,-0.00025750222263831745
228,6.189052610875081e-06,0.000995959835635544,-0.000370225060353114
229,-7.114185973239892e-05,0.0007343067122158073,-0.000334941629895355
230,-8.412228049465354e-06,0.000945619148465597,-0.0003448855276537544
231,4.0136043553159075e-06,0.0007671292155378576,-0.00036524462840063977
232,-0.00010514971056445145,0.0008150131419697732,-0.00038602510680697436
233,-6.445259468971444e-05,0.0007937760175711042,-0.00024126591570288684
234,3.5742217527503955e-05,0.00081551862328508,-0.00045064997253446763
235,-4.282205557391038e-05,0.000814622282722552,-0.00035019468875746677
236,4.763926823256924e-05,0.0008943312522787717,-0.0004314539184888623
237,-3.901314051033222e-05,0.0008928538696526748,-0.00034331058168381715
238,-1.1908749487168329e-05,0.0009259996818182542,-0.0002545794909446957
239,-4.818627471204278e-05,0.0008196180755523813,-0.00021680230368430474
240,-0.000247350044799445,0.0007811891193693749,-0.0005377744309904136
241,0.00012007398065590136,0.0008836792182950847,-0.00040609863803387104
242,-3.7196474245823995e-05,0.0007096712333358416,-0.0004552088808416972
243,0.00010421441977823586,0.0009880489109776072,-0.0004369374649036594
244,-4.577714948470888e-05,0.0008595399644459041,-0.00017529620184754887
245,-7.909969878218333e-05,0.000896330465743552,-0.0005155425893094142
246,-3.537903629932799e-05,0.0008577000663878067,-0.00041074514461241125
247,-4.123815764654914e-05,0.0007492245518510208,-0.0003540731588819339
248,-7.544882906747502e-05,0.0006729589231983096,-0.0001516215941777204
249,-6.878641658971595e-06,0.0008221148846478246,-0.00035856471652886534
250,4.035791826240601e-05,0.0008152914188054736,-0.0005812773097329788
251,-7.659369710768651e-05,0.000859754583292671,-0.0002286986475229209
252,2.3856112929767717e-06,0.000989671370059643,-0.0003725509808504259
253,-0.00010125546948399671,0.0008432536341668229,-0.00037433054220128466
254,-7.520385076304515e-05,0.0008206370166269745,-0.0003386399153940419
255,2.183046388136563e-05,0.0008455125948389425,-0.00041786294881106104
256,-7.1641262741775135e-06,0.0007748576831527048,-0.00033912485143556095
257,-4.997751450352347e-05,0.0008545836343938132,-0.0003543377928301647
258,-1.9579315770868004e-05,0.0008016590446372827,-0.0003205586335335447
259,-8.828265426339129e-05,0.0008638111243173038,-0.0003051712860659945
260,5.041893933712325e-05,0.0008017328635447343,-0.0002845370731800179
261,-5.280061491444274e-05,0.0008730206083815935,-0.00044387709378360915
262,-1.7973309469597615e-05,0.0008139911770816775,-0.0002617681380690018
263,1.756864278329626e-05,0.0009171769852525605,-0.0005558809984412162
264,-8.740731003532434e-05,0.0007799636829719292,-0.00031244228715880825
265,-4.47394447313931e-05,0.0008985095204543414,-0.0003409658804522437
266,2.912403108232456e-05,0.0008335582876930301,-0.00038829173049492944
267,1.4545843488760094e-05,0.0008869287906907216,-0.00040914202843213754
268,3.180193075056218e-05,0.0008397543836755144,-0.00041339678262872594
269,-0.00011604048602207204,0.000815325595405064,-0.00028488082399528
270,-5.822413769335176e-05,0.0008041056730213973,-4.6142037513417495e-05
271,-3.0551485096665e-05,0.000717120504061405,-0.0003567559311683326
272,6.90307943965759e-06,0.0009088180687118179,-0.00047627251034396156
273,-2.0097495095474425e-05,0.0008005649706788966,-0.00038631472245239876
274,-3.290587007884546e-05,0.0009105808780369729,-0.0003362551269029334
275,5.793066458787636e-05,0.0009055433540083131,-0.0004788682646359191
276,-0.00013530238403681522,0.0007866873432866382,-0.00017041671001028085
277,5.213587565877501e-06,0.0009297465298707198,-0.00041787665625015786
278,-9.837625376029217e-05,0.0006932486076613471,-3.60542458063219e-05
279,7.148778055636751e-05,0.0010341555757170373,-0.0006737273376571722
280,-0.00010316731268490646,0.0005586160086436893,-0.0004045142254421206
281,6.240305509126574e-05,0.001100009054064403,-0.0005318514795146066
282,-5.908127881293883e-05,0.000672243977219662,-0.00022601447676951988
283,-2.785966145381147e-05,0.0010184990864160498,-0.0002769292208902295
284,-5.5705145321343205e-05,0.0008409293775135964,-0.00027615853004893945
285,0.00016155281804513744,0.0010752416704919191,-0.0006409043388197313
286,-5.068176467969462e-05,0.0007821779942119177,-0.0005891715842151265
287,-0.00012718493685986813,0.0008888093805249478,-0.00026150829247675715
288,4.869549309630424e-05,0.0009545705649579462,-0.0003699463449997327
289,-8.242991270365738e-05,0.000674669477392478,-0.00019325269828842381
290,-4.9425917865099784e-05,0.0008438121436732118,-0.0004518631395158024
291,-3.0491060873250874e-05,0.0007761941492036925,-0.00028878565162970967
292,-1.856535151841525e-05,0.0008207427663826753,-0.00023693368261886477
293,-0.000122946415064592,0.0006555621889592782,-0.00020846620770486284
294,4.40880059329754e-05,0.0009526148116088952,-0.00026393497772348064
295,3.241344588619055e-05,0.0008540414794152625,-0.0005874973598078002
296,-4.541425287077783e-05,0.0008747944960783086,-0.0004433075686428664
297,5.030292345654441e-05,0.0010171811190454593,-0.0003711179937629543
298,-6.043209078911122e-05,0.000918183950521201,-0.0004683478611909981
299,-6.139730688891221e-05,0.0007356716341735532,-0.00023310294112760906
300,-0.00010907883137613593,0.0009744381684484217,-0.00031751633034821737
301,6.683245452889092e-05,0.0006525522962490848,-0.0003636817134146088
302,5.915110005194336e-06,0.0009720089351490395,-0.0004527253765187621
303,-2.477681310597622e-05,0.0007567890426846734,-0.0005794446959056976
304,-7.254874810119401e-05,0.0009778309777124863,-0.0002326307317857981
305,-5.6804977459004755e-06,0.0008224427435680899,-0.0002476773748356136
306,-4.111555114568953e-06,0.0008286444934287897,-0.00024927308113309677
307,-0.0001630624393327183,0.0006873609849036558,-0.0003076510641293283
308,6.728891628924837e-05,0.0009048199285550135,-0.00039833371880975804
309,-9.777838464348607e-05,0.0007961259349511525,-0.0005352978852277021
310,-6.641220475905208e-05,0.0008111812977847732,-0.0002757067964504844
311,5.516981301794635e-05,0.0009544306364419708,-0.00026541603446897095
312,4.912608122685299e-05,0.0008107523323150863,-0.0002916793934150914
313,-0.00010792276995461557,0.0008016299798833966,-0.0004055614016028401
314,6.823942829971847e-05,0.0010299344717038849,-0.000446310619534758
315,-9.672919274768287e-05,0.0008740384365417056,-0.0003649201422482427
316,-6.544213930747812e-05,0.0009024362692480776,-0.00023112520413311118
317,-3.856006312442491e-05,0.0009691507679298363,-0.0004373935135243194
318,-0.00018607973674527958,0.0005516752798447339,-0.00014811017234948496
319,0.00013776332606063122,0.00104674504289619,-0.000517410038352358
320,-0.00011190388187699043,0.0005193106839982858,-0.00034416072761652675
321,-1.6599587675456368e-07,0.0009862048571750933,-0.00024170352736296353
322,3.7057452799275e-05,0.0009495802830958959,-0.0005494342611966419
323,-2.8581639571441167e-05,0.000764725549001348,-0.0004848120391199932
324,-7.421069154546438e-05,0.0009345710250956906,-0.00041556226780457763
325,3.3868129047210196e-06,0.000835236970508797,-0.0002980882069450941
326,-3.342967659615683e-05,0.0008297817271707505,-0.00024917657077519614
327,-0.00012713819033791158,0.0007675976389850539,-0.00031917208391486735
328,2.1037898534536857e-05,0.0008445362119104949,-0.00032967012076660365
329,-3.237029009877062e-05,0.000884883873793334,-0.0005029979257176591
330,3.7279592317306585e-05,0.000785711886083067,-0.00019655852338629462
331,-0.0001261537036198609,0.0009156135040784309,-0.0003211580562606036
332,-4.156203303329259e-05,0.0007447830054765291,-0.00032558072647384924
333,1.359933822083928e-05,0.0009209537508999724,-0.00040507211744745625
334,9.859177505936028e-06,0.0007254266127475309,-0.00032523459906867226
335,4.554145617003699e-06,0.0009057994842072638,-0.0003880173543911598
336,-8.008263066053963e-05,0.0008470754542643077,-0.0002340195097632492
337,-3.1741676570745896e-06,0.0009148780540408063,-0.0005054050462135371
338,4.331306623879538e-05,0.0007779344773003884,-0.0005153451677362911
339,-3.7468581877418035e-05,0.0009913537898520468,-0.0005057645127040023
340,3.4361109493523635e-05,0.0008244747988508001,-0.00040740471335496894
341,-4.113561386203095e-05,0.0009991057059341479,-0.00032785837122048143
342,-0.00010490446730509083,0.0008024229029325008,-0.0001810500242809404
343,-1.7700525481381112e-05,0.0009543474219011097,-0.00038073916367457964
344,-3.486423901732334e-05,0.0006915890200029681,-0.00033693028370046345
345,-8.152522581066128e-05,0.0008009247327642236,-0.0005568423795462539
346,1.8918950034455907e-05,0.0008973486766212881,-0.00030500079328629043
347,-4.5386481099239726e-05,0.0007910053735770648,-0.0005258667490644973
348,9.492290407108265e-06,0.0009018168577069355,-0.0002937926770698453
349,-9.132349560384631e-05,0.0008159729594721721,-0.0002475384274162045
350,8.941027153116813e-07,0.0008418116579040855,-0.00037156125194555997
351,-6.828194261262017e-06,0.0007878900205084388,-0.0002523899623811762
352,1.5158362909417779e-05,0.0009266380348728145,-0.00036680628800833003
353,-0.00016764406263783944,0.0008116996540559627,-0.0003539546964515336
354,-3.1654578308168245e-05,0.000864913422937759,-0.000402864792738889
355,3.905328524709094e-05,0.0008371716201900644,-0.0003107784282700352
356,-1.996148061508371e-05,0.0007383064586518758,-0.0003368451546415335
357,3.877967686799424e-05,0.0009217181035758154,-0.0004605907173211304
358,-0.00016509408544032898,0.0007685481986638925,-0.000366185815749498
359,6.029166321814164e-05,0.0010399474154426662,-0.0002895164587286042
360,1.7091478342929505e-06,0.0007142439208370423,-0.00043662366795198444
361,-0.00014924972208690753,0.0007554730220897473,-0.00040355067603428836
362,7.456285190665783e-05,0.0008975042410446427,-0.0003172318981401297
363,-6.487144261141e-05,0.0007592747179997869,-0.0004829179281035605
364,2.6737492124395768e-05,0.0008911726024998438,-0.0002400917934874597
365,1.1670776425707337e-05,0.0009583909121922853,-0.0004577463061835069
366,-8.251920015231614e-05,0.0008047551533144796,-0.0003103018570595075
367,-2.273656687796731e-05,0.0009646665106363141,-0.0004314253528519001
368,-0.00019995249884715335,0.0006394986054185047,-0.00025345443932858763
369,0.00016155726539340002,0.0010005240600410548,-0.000322840306368753
370,-0.00012205839856630357,0.000644714917308605,-0.00028693222618031785
371,5.034176951151377e-07,0.0007971763374502014,-0.00044855753217732525
372,-2.733978039271823e-06,0.0009767377750816804,-0.00024302509108955643
373,-8.052059381433595e-05,0.0006341042721440227,-0.0003761820640326302
374,2.551207636219001e-05,0.0011196458962232844,-0.0003907449465873372
375,-0.00010329344127688706,0.0007300362364650819,-0.00042348765928340663
376,6.121067178332377e-05,0.000963593454903426,-0.0004233660734563165
377,-5.108144938213238e-05,0.0008961957797714523,-0.00035916747207084967
378,-6.81152935437666e-05,0.0007666272433913793,-0.00033770252666865145
379,9.293285154873955e-05,0.00103860294580376,-0.0005422353773050546
380,-4.925297504448684e-05,0.00071600889772656,-0.00026766324544951153
381,-8.676738057626621e-05,0.001002665596591966,-0.0003793716982632647
382,2.435425650885333e-05,0.0008287281719726398,-0.00043890770322456006
383,-9.504535654538666e-05,0.0007875941742667427,-0.0002948115018835799
384,-3.333690968636818e-05,0.0007909462454750492,-0.00021124067826701405
385,-9.992139284498485e-05,0.0007098341046390783,-0.00033654345292892903
386,3.394844154017898e-05,0.0009140862144107696,-0.00035530935346446966
387,-5.3173757961227806e-05,0.0007385884190177556,-0.0004991736857562479
388,4.0794839942143856e-06,0.0010323371189488388,-0.0005534133954724953
389,-0.00014542585328362358,0.0007941251190400893,-0.00034822747071858076
390,-6.242152011578054e-05,0.0008868149793421473,-6.297403376920549e-05
391,8.825575225838068e-05,0.0009157774998276912,-0.00048352797799321536
392,-0.00010708068222889031,0.0005653662322146258,-0.0002653719296617048
393,4.374649547101327e-05,0.0010342363396997655,-0.00033489250891320915
394,-6.76973974660155e-05,0.0007099515623188206,-0.00042744273867170805
395,-4.3779499063378055e-05,0.0008505358108965742,-0.0002733999065308171
396,1.591893981929354e-05,0.0008150921217407173,-0.0004549118813386595
397,-4.210149372027938e-05,0.000851997139805451,-0.0003549953818802276
398,6.249667379701423e-05,0.000963621906081982,-0.0004986571667204881
399,-0.0001588137300112624,0.0007294418202455274,-0.00033536396142003357
400,2.4417065340774238e-05,0.0010597819731794614,-0.00030668286457677065
401,-8.128014338054747e-05,0.0007088259709298404,-0.00033308400034064536
402,4.859699547172369e-05,0.0008689734228044238,-0.0005658128269274646
403,-9.643621204387495e-05,0.0007555517006499162,-0.0003869443042425263
404,8.546294938519056e-05,0.0009860047982748464,-0.0003889256254593269
405,-0.00023547028452636294,0.0006718101091809079,-7.217055334954873e-05
406,0.00011111333953791905,0.0010480335496905462,-0.00042885778815690605
407,-0.00011062423738204976,0.00056893581661527,-0.0002975360511096649
408,-7.41607638667674e-05,0.0009542917857352562,-0.0003260167403971021
409,6.615424708132108e-05,0.000891711799525927,-0.0005580610430549337
410,-7.538620721557474e-05,0.000727095867414538,-0.00035072087654800964
411,-1.0312615503697112e-05,0.0010278601712170707,-0.0003036450308426629
412,-4.688895457497548e-05,0.0007322492533782442,-0.00037803743690733693
413,-1.4176510165116938e-05,0.000902620525548071,-0.00034799556128810993
414,4.994373655258132e-07,0.0008232462540116124,-0.0005568550646570203
415,-7.151092831558448e-05,0.0007757034802692192,-0.0003348790635023372
416,1.1044485558758153e-05,0.0009895593951704817,-0.00040475091852926686
417,-6.309985893895365e-06,0.0006527743787501433,-0.0003016059639313192
418,-8.622847323632589e-05,0.0009226236566901848,-0.0004075103018778682
419,2.172552027534577e-05,0.0008502232891377147,-0.0004113436007382375
420,1.3845037613595673e-05,0.0009298759113630549,-0.0004096232304619862
421,-9.642828336974593e-05,0.0009257913677299417,-0.0002623008244014255
422,-8.803856310512838e-05,0.0009405454340135938,-0.0003986668432334387
423,7.710859353679679e-05,0.0007755268076658089,-0.0003580297635052842
424,-8.21611468051118e-05,0.0007509469348874583,-0.00028810513760741204
425,-0.00010107821139921206,0.0006953949058695788,-0.0002973524855649658
426,7.900462335838814e-06,0.0007898916562912746,-0.00029053578330261236
427,-3.403433806691708e-05,0.0007582855339180709,-0.0002311583507233372
428,-3.846120358664777e-05,0.0009459943837335503,-0.00044452720639676205
429,7.159162351799385e-05,0.0010072132616291201,-0.0006138763177620731
430,-0.0001417383779328233,0.0006936825052274035,-0.00029575563633930496
431,-2.6292788523288058e-05,0.0010929692709454747,-0.00028775054943528045
432,-3.7736573630227566e-05,0.000631850609137504,-0.0004109832737180739
433,-1.4351510405697284e-05,0.0008658309659827693,-0.00010156304209403062
434,6.191107223302665e-05,0.000881799350936548,-0.0004957041947726654
435,-2.7274954257068224e-05,0.0009935544077692444,-0.0005103702646198559
436,-1.7638002300185114e-05,0.0007805687883354136,-0.0005291532282848337
437,-7.915325324900439e-07,0.0010139703836416084,-0.00034718846125569576
438,-0.00011807352428619517,0.0005916309868989348,-0.00021160275581777132
439,-5.564910133411478e-05,0.000881309013171497,-0.0003062078513760117
440,-4.221258254534608e-06,0.0009012435183380068,-0.00039562204914025576
441,-5.1214271986558114e-05,0.0007259769346535346,-0.0002018077047642269
442,-0.00010152017535829035,0.0010224126678792464,-0.0004277238303278744
443,-2.4019376864904357e-05,0.0006634796580720409,-0.00039672054536477427
444,1.3248097818742226e-05,0.000841800929671843,-0.0002977959279637779
445,2.052117742097418e-05,0.0008009545402754176,-0.0004983723000945048
446,-4.148861646065422e-05,0.0007501159120249341,-0.00022295975497076847
447,-9.131345645120806e-05,0.0009449733920628557,-0.0004339851718203409
448,-3.703832837533542e-05,0.0007698612771329931,-0.00040531634596901604
449,-4.6168471466091074e-06,0.0008213219451081398,-0.00017273308124991622
450,6.595599708930953e-07,0.0008163400788215483,-0.0007659688403222221
451,9.579043234745893e-06,0.0009159767225208212,-0.00022499202407661156
452,-5.90296597732924e-05,0.00086340810197538,-0.00023836946153363016
453,3.198799453731305e-05,0.0009328733033946531,-0.0004147965449257466
454,-6.92320541127919e-05,0.0009065011891882166,-0.0005010647496723468
455,-0.00015709755695797627,0.0007046933533552566,-0.00041911499555322335
456,-2.579338185504185e-05,0.0009214801447048854,-0.0002892924318049649
457,3.483634480722652e-05,0.0008065214254401466,-0.0004245789880128607
458,2.7739644760475933e-05,0.0009506935594731961,-0.0003665730175626063
459,9.565539887549708e-06,0.0008210396129490205,-0.0001736542944139162
460,-5.9058268579780916e-05,0.0009744496792184867,-0.00021106797030746258
461,-3.139851587577904e-05,0.00070547475445941,-0.00047989427485371674
462,-6.238075985066634e-05,0.0008028125073997372,-0.0003196028871820451
463,8.428035425306899e-05,0.0008122703511555894,-0.00034112791666170427
464,-0.0001588091041730982,0.0006164454510115164,-0.0003712552691981231
465,8.08090972284793e-06,0.0010732604497834502,-0.00054217988168055
466,-9.133931349930226e-05,0.0006599879309669046,-0.00036486358535928046
467,-3.7145715084737054e-05,0.0009564281034737087,-0.0003033555174300045
468,8.641048178460191e-05,0.0008582469020558223,-0.0004723564260535896
469,-3.883631093512141e-05,0.0008492146137456939,-0.00048556419020088755
470,-3.840459397567515e-05,0.0008577219575838181,-0.00019370281306396153
471,-6.670736069582234e-05,0.000927860340617838,-0.0005295701267702572
472,-5.208374118107392e-05,0.0007171080815674949,-0.000248778062504867
473,-4.49917542820469e-05,0.0009559773184829769,-0.0004957736336827054
474,2.8101284501358345e-06,0.0007101860683706503,-0.00040268178472564883
475,-1.1032479340992216e-05,0.0009037575779613961,-0.0002478111829330393
476,-2.0377417723547862e-05,0.0008265306634961501,-0.0003769220299151704
477,-7.284268808720071e-05,0.0007079150599436778,-0.00045764965266622035
478,2.0472122542206427e-05,0.0010249428812853995,-0.00018946281035361252
479,-0.00013728093651521468,0.0004548323498827322,6.413125713363235e-05
480,5.535051605660119e-05,0.0011537086771679153,-0.0005674871939764044
481,-6.403076851912854e-05,0.0005000708042199516,-0.0003314718766351516
482,-1.1272642101962624e-06,0.001001445534910805,-0.00038095104390914165
483,-5.593129541910114e-05,0.0008047812596215897,-0.00042286305665803
484,1.4810507955740143e-05,0.0009533785371101161,-0.0005222379111321225
485,-1.9285165031706358e-05,0.0008431835903539689,-0.0005245630728816796
486,-2.8040506017554033e-05,0.000974881463801803,-0.0005161393266541451
487,-8.134585466592247e-05,0.0007323341339093099,-2.635079307755395e-05
488,-1.906714108070755e-05,0.0009433027639011667,-0.0003172283718867463
489,-0.0001061764072852349,0.0006088400824385224,-0.0007398650790134422
490,9.753705674820309e-07,0.0007852853839986727,-0.00016154891654158828
491,5.4919231167040067e-08,0.0008796283898397507,-0.0003042745887710972
492,8.243346967930199e-05,0.0009187112821963035,-0.0004486561896867127
493,-0.0001921775365116194,0.0008203730640256445,-0.00032585916685923114
494,-5.673780322406817e-07,0.0010765147985567073,-0.00018668462885140712
495,7.792346697094193e-08,0.0006997566804716268,-0.0005064615114714973
496,-3.7289372798988485e-05,0.0008481053584680458,-0.00033470368165672656
497,7.307790373211377e-06,0.000791784203059861,-0.0005089754462114443
498,-9.150118909276723e-05,0.0007255697542664254,-0.0001985678408969057
499,-8.334862205396318e-06,0.0009013807347798822,-0.0004218707546842464
500,-3.9808496899740005e-05,0.0007333052399337391,-0.00042935277848500566
501,-0.00011694791394421296,0.0007950263301167368,-0.0003746755873968272
502,0.00010151182901159109,0.0010058140127997544,-0.00035129719116694114
503,-1.9468638765070196e-05,0.0008876379637961655,-0.0003066664020614594
504,-4.5772391219518154e-05,0.0009086410191297791,-0.00027818192170182105
505,-0.00011449758636367875,0.0009501991596306923,-0.00048515356048124783
506,6.11488253235336e-05,0.0008232488875780401,-0.0006382553086695397
507,-0.00010538166048259036,0.0007642618800519903,-0.00039270743133939563
508,-3.754526854670268e-05,0.0007801638575842152,-2.122920750068113e-06
509,-2.0222853778945156e-05,0.0007588689939734365,-0.00032875865681964865
510,-1.0838004154658324e-05,0.0009196601397504919,-0.00048174166264510984
511,-2.4275787684498712e-05,0.0007717511016529316,-0.0003003202153218172
512,3.639138154429049e-06,0.0009837716767425253,-0.00037603585580590524
513,-7.214297695123397e-05,0.0009102747408029061,-0.00042685304290843894
514,-1.8975882073869316e-05,0.0007440542441321484,-0.0002799363961543595
515,1.778672355273662e-05,0.001053730204632501,-0.0004142494850350313
516,-0.00010918331446898387,0.0006517928034441042,-0.0002732144176852083
517,-2.9843703831371954e-05,0.0009826448993390043,-0.00045795484104315136
518,-7.00040348558052e-05,0.0006336323035628226,-0.0004541636325625338
519,2.3545762803920326e-05,0.0009521655931749128,-0.0003275541648133661
520,-5.2032239634989226e-05,0.00066018382937296,-0.0002664477649872897
521,-3.978355220105674e-05,0.0009689848040048922,-0.00029137148484800713
522,-5.1468053323350275e-05,0.0007791421110300344,-0.0004412500110411734
523,-7.015061900859361e-05,0.0009997160389616992,-0.0006275046603745687
524,-8.138472513127575e-05,0.0006898126381690446,-0.0002781538599446727
525,-6.30703713216333e-05,0.0008223141162710146,-0.00016774675411168646
526,-1.2004600571040614e-05,0.0007980843006701362,-0.00029518111480513506
527,9.977509145807613e-06,0.0007077875005749685,-0.000518422407432012
528,-5.043197619364997e-05,0.0007959654391622085,-0.0002720384655281855
529,5.409041374786189e-05,0.0009523935638236029,-0.0004891343144754859
530,-3.375656800591676e-05,0.0008302078837526656,-0.00020620493341457486
531,-1.8427788274943565e-05,0.0009490958838397221,-0.0003796972004437314
532,-6.634452494345027e-05,0.0007636389917904238,-0.0004282071689252178
533,-3.1026088378461624e-05,0.0009650341438286753,-0.0003545204268952594
534,-9.15494643172493e-06,0.0007299631090537696,-0.00024008607876522918
535,-5.451706321427524e-05,0.0009917971583346115,-0.0006214489294529455
536,3.843133009733968e-06,0.0007192892344439737,-0.0003190802390665096
537,-6.582846290585447e-06,0.0009483746447078361,-0.0002628718933180286
538,-8.218248213447414e-05,0.0007294572262169112,-0.000208456390400887
539,-1.362323407700502e-05,0.001011541663013681,-0.00044263251292124973
540,-0.00017302253143342152,0.0005391139198405254,-0.00022814819953268927
541,0.00011650504205720251,0.001071901458689441,-0.0005368159081524582
542,-7.777974782718658e-05,0.0006074527105971799,-0.0005805409148970682
543,-0.00010222633755049005,0.000792533973414547,-0.0002536901460249188
544,2.2309053858704422e-05,0.0009223707601805502,-0.0003786818454327647
545,-4.549401539767316e-05,0.0007866651171712343,-0.00039196541806782686
546,2.306912270837498e-05,0.0009034277001121792,-0.00040676784253228205
547,-2.5993363211139255e-05,0.0008869885798714115,-0.0004860009737701947
548,4.254024216636985e-05,0.001144036343506835,-0.00030450892095429936
549,-1.7606592069598973e-05,0.0006435945278272854,-0.0002654714391272705
550,-0.0001226881866714829,0.0010771854008942744,-0.0003462807374214143
551,2.623313733368974e-07,0.0006894091615497299,-0.0004913042221705289
552,-0.00012924028411371373,0.0007257283223208268,-0.00025480264663438204
553,4.54320438902129e-05,0.0008426536281249977,-0.00042450920312872965
554,-2.164640498898808e-05,0.0007120438591148733,-0.0003964968660164808
555,-8.964738533189309e-05,0.0008431924770948618,-0.00017292043776005766
556,1.074747480619715e-06,0.0008878221004994037,-0.0003329807222009961
557,-6.706383193096229e-05,0.0007491558889663243,-0.00017521182582109373
558,-2.8961882788025033e-05,0.0009527370212639277,-0.000495466276111413
559,4.364564667718614e-05,0.0009112491503005871,-0.0004590771934009616
560,-0.00015727562657860916,0.0007350323506733926,-0.00038895689401816964
561,0.00010309336224780259,0.0009581690570523672,-0.0003215403842603266
562,-0.00011291243935858153,0.000718659543268866,-0.00013805343368150267
563,4.099646344285835e-06,0.0008898531687116834,-0.0003788825030321377
564,-2.088150163211152e-05,0.0008201089858768529,-0.0005502596352405794
565,6.316899734681287e-05,0.0009478749305428834,-0.000516557750491473
566,-0.00011381667122179387,0.0008580915364671479,-0.0003947311838383089
567,1.2056190943011546e-05,0.0008572361011237095,-0.00032481584887957644
568,-1.6219049360108433e-05,0.0008244361710746308,-0.0003368170646244
569,-8.152875368607227e-05,0.0007815067170742811,-0.00047669492844146667
570,-7.707935429123244e-05,0.0008465295468974766,-0.0004225501407896669
571,-4.3460391534728515e-05,0.00082186518509596,-6.554047069171813e-05
572,-5.3935546281605236e-05,0.000769888224150629,-0.0005019682754495994
573,-4.194542592537462e-05,0.0007853653702049377,7.4435316425233e-05
574,3.743407250288993e-05,0.0009099440729087287,-0.0006514044549197071
575,-5.29650001160523e-05,0.000786762969867531,-0.00035479068746575653
576,-1.9579205014504867e-05,0.0009372888825576046,-0.00046533770376364135
577,-4.9341003104625275e-05,0.0008318206005849812,-0.000370486550786647
578,-4.0505433415720054e-05,0.0007493635773068831,-0.0004549604913411372
579,3.272411565162091e-05,0.0009116427999185328,-0.0004705581988631236
580,-2.0434660332973283e-05,0.0008268272029812912,-0.00012160616625396742
581,-9.174945990553345e-05,0.0007978693245269265,-0.00038381048752972606
582,-3.9814469894536633e-05,0.0008877438054278421,-0.00033031220653137515
583,-6.634881138606606e-06,0.0008820040506265795,-0.0004141542542791954
584,-2.3680850864082127e-05,0.0007646418449906449,-0.0005994577158189966
585,-0.00012806346412209786,0.0008979382006446472,-0.00028798178305895175
586,-3.863458109220751e-06,0.0008206193111863197,-0.00018724650032724607
587,8.002072009571261e-06,0.0008798461698219278,-0.00030970877633532145
588,-2.574217523679057e-05,0.000674015910685792,-0.0003272842697351961
589,-1.7142142242121398e-05,0.0009846716362096081,-0.0005362562778689952
590,-2.9768401083903395e-05,0.0007400638403004704,-0.0004141717690693799
591,-0.00010986976595177592,0.0008520100042929627,-0.00028528206373093794
592,3.1850663435818985e-05,0.0008725963164906049,-0.0003551827032820379
593,-6.463376989711308e-05,0.0007274305037866535,-0.00027887475636353607
594,5.3287567810369666e-05,0.001008596961629223,-0.0004323832941578653
595,-0.00014040526113978657,0.0006080584502342909,-0.00033988523088671454
596,5.78001087586564e-05,0.0010530530806695717,-0.00032833365353410383
597,-9.978395278450146e-05,0.0006995546513614609,-0.00046403873766219457
598,-8.854363284144236e-06,0.0009097567178997487,-0.0003513701149129731
599,-5.0474961669437135e-06,0.0008672881201192955,-0.0004312004731608594
600,-4.4265387669394725e-05,0.0008241002154296339,-0.00031893589780641554
601,-7.387367843290557e-05,0.0009229410767591769,-0.00034716471917707896
602,5.5375316778534947e-05,0.0008416926249768437,-0.00041096807489723766
603,-3.1139091260589846e-05,0.000970204092879021,-0.00038091062257283523
604,-7.901980039465975e-05,0.0007404255303052411,-0.0003272316906589487
605,-6.206449375901194e-05,0.0009124260626949847,-0.0003047158946405982
606,-2.5225912301419566e-05,0.0007273262408301423,-0.0003197731671469362
607,-9.012231108906971e-05,0.0007784681730001871,-0.00022725376000758235
608,7.225333071813078e-05,0.000835342870835383,-0.00040433693279562946
609,-5.8254887506013744e-05,0.0008675611119619036,-0.0004541998430785413
610,-7.900230529379576e-05,0.0008782003679399737,-0.00017735762307850036
611,1.8828413290591457e-05,0.0009266594885787798,-0.0005771375500233126
612,-4.2561835522988715e-05,0.0007005092846874398,-0.0004135491771156662
613,-3.0590524473416e-05,0.0009460796173631724,-0.0004647428594310737
614,-4.389326391232565e-05,0.0007228098037052557,-0.00030983749918008576
615,-8.745510223603846e-05,0.0008948999876178784,-0.0003395356975534407
616,6.664447809998783e-05,0.0009233400821118525,-0.00039519449710824614
617,-0.0001045100939317705,0.0007470829627743247,-0.00040543157979077403
618,-1.858756432064672e-05,0.0009746454551642173,-0.00040864117378888227
619,-1.3173043538806604e-05,0.0008173856136762987,-0.0003660014527851779
620,-4.663611925073921e-05,0.0008524191865694902,-0.00040492795477821517
621,-5.277973501686754e-05,0.0007461813543652102,-0.00026928515316369166
622,-3.3344935639900787e-05,0.0009336980162032616,-0.0003389361204921709
623,5.356856757859466e-06,0.0006785118433206871,-0.0003881594353557974
624,-1.6361356785440386e-05,0.0008773498766239778,-0.00033157759864035777
625,-8.023719452770472e-05,0.0007882312917738386,-0.0002469785954523222
626,-1.1719660656633838e-05,0.0008769158733145955,-0.0004345921907965146
627,-3.9019257029419355e-06,0.0007798235306943191,-0.00040217807785109867
628,-3.766330031146299e-05,0.0009143918217877169,-0.0003962197884560476
629,-6.670284106040024e-05,0.0008291979361229368,-0.0003701036280828879
630,-1.2987189165335454e-05,0.000822137180109601,-0.00029432580176615104
631,-0.00011947288233277473,0.0007990362146354573,-0.00030082288334084704
632,-6.136048131373978e-06,0.0008036346651110708,-0.00033059530057743283
633,6.635220318945162e-06,0.0008365333927584053,-0.000422748173038879
634,-8.085319314805181e-05,0.000820467218164741,-0.00038027211402300325
635,-6.083283633232206e-05,0.0008903426660674728,-0.000315345474509578
636,2.386567373680796e-05,0.0009335714152004085,-0.00048131139623985164
637,-1.3150863671767016e-05,0.0007464976244087472,-0.000291327851666276
638,2.8916167959120115e-05,0.0009814597231540174,-0.0004390787044449409
639,-9.46446874215619e-05,0.0007646972989622082,-0.00038035407298719383
640,5.93432985924126e-05,0.0009628735474294946,-0.00047941994378975406
641,-0.00010977970461633859,0.0007720124477521754,-0.00039760684043463215
642,-5.0265071116786865e-05,0.0008228834034596785,-0.00024515167721657577
643,-0.00011053244697704838,0.0008170637556025668,-0.0001954064062687016
644,-3.67974051102885e-05,0.0006826683977994215,-0.0002871722004509977
645,5.895459812439774e-05,0.0008792793647553211,-0.0003794923193662286
646,-7.73552399452025e-05,0.0007018570434638709,-0.00043694850877689425
647,1.3404777215230302e-05,0.00096222012917683,-0.0005102401501837962
648,-7.499666071817348e-05,0.0007519698841042961,-0.0003607078843238793
649,-1.4904850046716486e-05,0.0009098234793256636,-0.0003779629231939363
650,-1.1601063890453806e-05,0.0008097773835725516,-0.0003061009055930497
651,1.2573042769099863e-05,0.0009480451224643134,-0.0004493382820987973
652,-7.867514862301171e-05,0.0007187889763846252,-0.00041806321402033453
653,-4.746487874926595e-05,0.0009456177438984244,-0.000348849165717096
654,-1.0547919224913487e-05,0.0007898316977904947,-0.0003137491929555394
655,-9.214493676022923e-07,0.0008560243669754831,-0.00042873363860757973
656,-2.4255251547893955e-05,0.0008140017704733887,-0.0003292978902902429
657,-1.1857979475220435e-05,0.0009978707512064966,-0.00041779969574575734
658,-0.00010053216195017543,0.0007112143952583755,-0.0002576726319721424
659,-5.0085545208601365e-06,0.0009181217878693661,-0.000321057561024852
660,-6.951695656859213e-05,0.0006272682311106414,-0.0002953220429128283
661,2.9039938152747434e-05,0.000846892048951684,-0.0004982987400109053
662,-1.2581733957938812e-05,0.0008229234000455189,-0.0005524517902405846
663,-7.696687621695917e-05,0.0008608496444443399,-0.0002560574055593197
664,-3.039462601494586e-05,0.0008277254466839724,-0.00013624864204174158
665,5.5177667338617665e-06,0.0009977079249541012,-0.0004765650905492381
666,6.866301673954482e-06,0.000678818675487509,-0.00041999201655079177
667,-5.6205910241221604e-05,0.0009943096660996163,-0.00043475967229185966
668,-3.6277957267600174e-05,0.0008230677900423328,-0.00027342550660299
669,-2.719173605320036e-05,0.0009276712878525155,-0.00040061406608034365
670,-4.838056054120103e-05,0.0008702475689119874,-0.0004776390489895442
671,-3.3622839307742085e-05,0.0007985006899206967,-0.000596442321696882
672,-4.2613348822991515e-05,0.0008833740233813755,-0.0003530736088662316
673,1.2046035198935197e-05,0.0007904340538455265,-0.00021120260076431998
674,-4.4741783998422854e-05,0.0009044465278445525,-0.00032575656012629465
675,-4.476383995011938e-05,0.000768267412612171,-0.00023761104306697657
676,-3.2027179534621006e-05,0.0009692138855801969,-0.00039733888113185185
677,2.8941166835927817e-05,0.0006897057867750428,-0.00031889461673207645
678,-6.771300195342158e-05,0.0009178243189498681,-0.0004306366112659861
679,-0.00010555376330352313,0.0006589761499725871,-0.0003855828625238298
680,3.986576735076257e-06,0.0009370402654833815,-0.0005284015944297315
681,-2.037184914022318e-05,0.0007635175541242343,-0.000228961416034436
682,-4.144708127952247e-05,0.0008035632915373411,-0.00036796139858004834
683,6.489689808463496e-05,0.0010572084030325394,-0.00034615703462779416
684,-0.00011467613063886635,0.0006175654336720901,-0.00030717185893039677
685,-4.8091630800305935e-05,0.0010026217833444147,-0.0002890931008587886
686,1.7988033898466683e-05,0.0007377848480603017,-0.00045626713487471546
687,-7.264496167975207e-05,0.0008230952354206128,-0.00031991056344176044
688,-3.857386535829028e-05,0.0008584794034747986,-0.0004813266626962755
689,-1.3069426351269163e-05,0.0008611678988955827,-0.00016881682494421007
690,-6.022833235295915e-05,0.0008090316558689755,-0.00040814444999088607
691,-3.196064822559629e-05,0.0008486979967538323,-0.0005144801299717571
692,9.715741156398215e-06,0.0008826281335949008,-0.0002557193226461698
693,-3.1891094314947125e-05,0.0007901550792637221,-0.0005537090277903938
694,-5.481916860690512e-05,0.0008732729107781692,-0.00039519994825545
695,-5.4120534800406525e-06,0.0008265719252848048,-0.0003701499608546634
696,-4.206690696847656e-05,0.0008688193665491302,-0.000484368575813841
697,-2.4526407989448383e-05,0.0006962216987892173,-0.0002504355068065115
698,-0.00014311014668330583,0.0008533152938448545,-3.257444182565354e-05
699,5.5469216759300105e-05,0.000740320105979614,-0.0003086302755672401
700,-0.00010195859407030817,0.0007895112631976626,-0.0005682508569158318
701,4.4901850232435315e-05,0.0008665931972243575,-0.0003319640204091587
702,-5.798253531255847e-05,0.0008652190449872455,-0.00044252952735314877
703,3.553986627035086e-05,0.000871126699358383,-0.0004409460491208209
704,-5.422636359120667e-05,0.0008719211600055019,-0.0003500633144014908
705,3.176205984820785e-05,0.0008282824638120656,-0.00010293382792683612
706,-0.0001359376914669756,0.0008691577997069282,-0.0005780452494934221
707,1.0792241841472686e-05,0.000784382366021162,-0.00028732315023713146
708,-1.6816149978431e-05,0.0009402429626446993,-0.0004785875565487159
709,-7.586222201224473e-05,0.0008309181663960603,-0.0003094345782954364
710,-1.004681743609885e-05,0.0009120351866418117,-0.0004700950944236976
711,-4.5419353983443936e-05,0.0008005461372878738,-0.00045072182411921944
712,-3.933805396761561e-05,0.0007879827568015728,-0.00023363154759917882
713,7.227048235972844e-06,0.0008791595534733142,-0.0005935554697810328
714,-5.74507816137656e-05,0.0006925053332396418,-0.0003291827427738128
715,-3.780654533305103e-05,0.0009256429381219014,-0.0003597121043463665
716,-3.0489831283557634e-05,0.0008491285170448168,-0.00031052689916053936
717,-4.00983278617832e-05,0.000885025259327804,-0.000290675888357042
718,7.471491648475947e-05,0.0007823779476841923,-0.00035733135219894634
719,-0.00010310800683928123,0.0008488390953554844,-0.00031921284245927284
720,-4.494212651690883e-05,0.0007714998752601571,-0.0003923116907492782
721,-4.064606112965902e-05,0.0008636320373007559,-0.00044736327357673656
722,-1.562904910189688e-05,0.0007476647672484119,-0.00047776691627852736
723,-3.320169946672307e-05,0.0009546054745605654,-0.00033533160314223626
724,-7.188654652071017e-05,0.0007678799940687525,7.397426530809481e-05
725,-7.941710674543735e-05,0.0008439317416979297,-9.318076488366481e-05
726,5.677050382765635e-05,0.0008097961692321527,-0.0006857041956230414
727,-8.467023693325203e-05,0.0008125756180703662,-0.00021745482913004805
728,2.0487884315883913e-05,0.0008745936577207936,-0.0004956970771461799
729,-0.00010228095807285353,0.0007880248441078957,-0.00040471069952918183
730,1.875654772476243e-05,0.0008490795520845457,-0.00031041476430202235
731,-6.422093927581223e-05,0.0007144462832257902,-0.0005355071005369444
732,1.6234409984870347e-05,0.000867499976377974,-0.000560587674270821
733,-5.4325802292296975e-05,0.0008531711711224911,-0.00028067032547511735
734,-6.442138419090582e-06,0.0009935514110872993,-0.0004590273539077137
735,-4.4864894270066414e-05,0.0008011859624320819,-0.0003528203612632279
736,-1.5943241138566986e-05,0.0008754864564460385,-0.00025953114362167984
737,-1.6273892788002752e-06,0.0007300938599510653,-0.0003663624075291411
738,1.1649231708784494e-05,0.0007558776385308116,-0.0002943623402009865
739,-7.899273297856847e-05,0.0008433314089711267,-0.0003289265156915553
740,-5.128737519550157e-05,0.0007755433679940238,-0.0004057981661990495
741,-2.3385422849868856e-05,0.0009721712712823159,-0.0004959094154868638
742,-3.513033836043627e-05,0.0008006089940489366,-0.0003519064592158922
743,-2.8222421978845585e-06,0.0009386455745390085,-0.0003936342317585276
744,-6.018789813969807e-05,0.0007476475131515946,-0.0003907567416104011
745,2.2646272267549306e-05,0.000936206985587529,-0.0003868140298154719
746,-7.351497110136248e-05,0.0007515358467880233,-0.00018329013788034857
747,-2.6791940929910072e-05,0.0009245462694202799,-0.00039010501779863986
748,-2.662753817675672e-05,0.0008068761642602622,-0.00036348543746516954
749,-4.7119251857986785e-05,0.0009327157906973744,-0.0003300199684623521
750,-5.20040418343952e-05,0.0006740604180871192,-0.00037541415280438836
751,-2.9919589126991063e-05,0.0009757444960640221,-0.0002955909099641086
752,3.499189266045486e-05,0.0006655424575505447,-0.00045700827105365626
753,-4.366686543192678e-05,0.0009439404026821398,-0.00038784315908964626
754,-6.308359222980077e-05,0.0007685685098064934,-0.0003876894572748883
755,-1.627026664308216e-05,0.0009084308810816148,-0.0004902466468695087
756,-5.5277237247828946e-05,0.0008544507554794163,-0.00020125421453686735
757,-4.4856458825289644e-05,0.0008048845814051849,-0.0004179387289309296
758,-7.0290911655091864e-06,0.0008561238691765716,-0.0002586759850950165
759,-4.106210792123037e-05,0.0007892719049641237,-0.00039840016733459847
760,-2.5570246998289932e-05,0.0008702319337567138,-0.00036657638507708136
761,-8.958657405450913e-06,0.0007248617082562064,-0.0003546013283515041
762,-6.507236917127712e-05,0.0008763353815246292,-0.00029772307688630815
763,-9.816744345396772e-05,0.0007433637226807861,-0.00023000572516567323
764,8.146808453660885e-06,0.0008738443239054328,-0.0003720877179524661
765,5.294335890695222e-05,0.0008444591992749731,-0.00048688165909675936
766,-8.664854928639237e-05,0.0009598896188408124,-0.00041044352939798175
767,-1.5785629941210203e-05,0.0008269751128825089,-0.0003839186581424361
768,-9.517883133402553e-05,0.0007325997717670011,-0.0003124150595306427
769,2.84576885756851e-05,0.0008501783103119849,-0.00044164840023618913
770,-5.942504860797121e-05,0.0007815076775218471,-9.827484247605623e-05
771,-1.0040002148553225e-05,0.0007754906530963252,-0.0004532090061805971
772,-2.8978377790062186e-05,0.0010260494785389047,-0.0007463273308578724
773,-6.606828734520898e-05,0.0007871265245624905,-0.00037884958154784645
774,1.1949604126033616e-05,0.0008740635800669939,-0.0003930633857247668
775,-2.2689342998223322e-05,0.0007883392669940128,-0.00025456355552174457
776,-3.451363040732935e-05,0.0007335146100254834,-0.00037012381285978933
777,-1.7477513076730247e-05,0.0008474426873994053,-0.00027904133048272604
778,-5.4823631428157224e-05,0.0008308834013028053,-0.0002956406208868196
779,-5.4877186084242426e-05,0.0008470860234692731,-0.00030385164555570715
780,-4.6803866509247465e-05,0.0008357221279409394,-0.00024143568752817867
781,-5.27992669507557e-06,0.000822946826211248,-0.0003762599804167656
782,-9.01891791233654e-05,0.000762281237523223,-0.0002027462433981673
783,3.6335586419885155e-05,0.00089455107341381,-0.0004951570424688679
784,-3.501824694931082e-05,0.0008619860717200351,-0.0006244162389725672
785,5.769349655110435e-06,0.0009482054215667152,-0.0004508364394289746
786,-7.497057474750733e-05,0.0008539825957999171,-0.00016875781557922065
787,3.321996158852543e-05,0.0010105225149157494,-0.00042140498703413016
788,-3.314754236835741e-05,0.0006965996231426091,-0.00037932956705596607
789,-3.1366949157886095e-05,0.0009314857717301866,-0.00038951309513810136
790,-5.0444528756137975e-05,0.0006335652949454903,-0.0003432234859854791
791,-2.8949313646053814e-05,0.0008744443482620346,-0.00044994377220312226
792,-3.221589248321742e-05,0.0007118362216807164,-0.00025575534823569563
793,-4.9882667911562735e-05,0.0008880165426974581,-0.0003095536960007786
794,-1.4761725291536297e-05,0.0008708173487586153,-0.0002954132984119576
795,-1.0513807372715725e-05,0.0009106493636910529,-0.0004908061728263952
796,-6.078654041779761e-05,0.0008368908383910044,-0.00036757702546039774
797,6.48156885045606e-06,0.0009068767784984494,-0.00028428783284354335
798,2.100890814254832e-06,0.0007780170528860586,-0.0002240532585661106
799,-7.985912645238702e-05,0.0008647279102962171,-0.00044601285156501997
800,-8.769248337396171e-06,0.000820532338656801,-0.00048325448770251235
801,-1.29779077125671e-05,0.0009250641366596187,-0.000388946517217741
802,-9.791654974013086e-05,0.0007521231127088149,-0.0003921782336521519
803,3.664416209850631e-05,0.000977685095160753,-0.00033070038941695275
804,-6.972974447884767e-05,0.0007965903282174589,-0.0002148683937739151
805,2.4612253158975185e-06,0.0008373027789963476,-0.00020622014789756533
806,-2.0881501017079053e-05,0.0007983831491642582,-0.0007829141190725476
807,-7.579535081069298e-05,0.0007680586007735819,-0.00025663663503983113
808,-2.0261861338144375e-05,0.0008446897134192917,-0.0003878010167865794
809,-4.605713507705048e-05,0.0007656789215814533,-0.000433637939483157
810,-9.87131470026412e-06,0.0009456193493227825,-0.000338369917571141
811,-3.8198211113914466e-05,0.0007889061203005728,-0.00027354413643022836
812,-6.495046756668663e-05,0.0009441541184065364,-0.0002718160574583489
813,-4.459245075977161e-05,0.0007398856115722903,-0.0003545940153460206
814,6.2342635898298896e-06,0.0008312489217371905,-0.0002463958078531109
815,-5.481670574504366e-05,0.0007586251710385621,-0.00043038721076193277
816,-2.451541356924985e-05,0.0009069788120866943,-0.00047328614489672646
817,-3.531333062950728e-06,0.0009084945850055821,-0.000385530163669703
818,-8.093463313905398e-05,0.0008326953098367477,-0.00048386079862577984
819,3.817188752853215e-05,0.0009685110322006172,-0.000363442399673835
820,-9.849476139857884e-05,0.000701054648882561,-0.0001648352828514325
821,6.508389369876174e-05,0.000983597612790301,-0.00043104223399468146
822,-0.00010801943073679275,0.0006844173419012862,-0.00021924753589996378
823,4.128274438981965e-05,0.000979204713967287,-0.0005678285815150525
824,-3.797057423464461e-05,0.0006386642759748141,-0.000376242728218167
825,-6.803449993666065e-05,0.0010996498513810783,-0.0004279861442148287
826,-9.577279886737163e-05,0.0005812244948255996,-0.0004170904648216967
827,5.96160830860421e-05,0.0009112277215364006,-0.00017721375828269793
828,-8.420878190562941e-05,0.0006733206536020674,-0.00024538928196043367
829,1.0896772133971234e-05,0.0008563090165456775,-0.00025747812963355335
830,-6.043971437732894e-05,0.0007217176266415949,-0.0002903732396119538
831,0.000208393428736713,0.001078345598053141,-0.00037416752808045427
832,-0.00022570790568490396,0.0009082069980171419,-0.0008079188639378134
833,1.5794218087510936e-05,0.0009165904365802518,-0.00047103151729047566
834,-1.3511306143954415e-05,0.001376374253055444,-0.0006797576168768379
835,-0.00023363210571975625,0.0004533437198525677,-0.0006584382487504115
836,0.00022843255950814425,0.001369067482624253,-2.134523606720686e-05
837,-7.910036110522891e-05,0.0006124648978938743,-0.0005298226507988874
838,0.00012579103626795404,0.0011668032888894548,-0.0009943870384124046
839,-0.0002778002581080986,0.0004898307774489659,-0.00019243937393263717
840,-0.00017296443327155614,0.0010096711859157383,0.0002970633274476581
841,0.0001273293353721336,0.0004572068337699067,-0.00038541627305441054
842,-0.00019112348701997791,0.0004109440855462934,0.00021119221063500317
843,-0.00017732354575150818,0.0007910548710139378,-0.00025277124757226076
844,-2.936663195859964e-05,0.0004460836597248637,0.0001232080022354619
845,4.0193714176651966e-05,0.0010578655194898442,-0.00012393547223804753
846,0.00017770294088146198,0.0009013971925403597,-0.000861588254244962
847,-0.00021294730923685217,0.0009535490757593001,-0.0005785692161540977
848,0.0001558702787172183,0.0010303688404607579,-0.0006108687987447511
849,-0.00022513382203712728,0.0009407058300747716,-0.00032826227052336555
850,9.687920006507584e-05,0.001059190643891658,-0.0006187596957344284
851,-0.0002015646733358312,0.00044781470329193087,-0.0003709784015302561
852,-4.318642545675479e-05,0.0008353948328077756,-6.92246693706677e-05
853,3.5431285276612575e-05,0.00045692299841585326,-0.0002667187019915728
854,-6.701006187283217e-05,0.0006145585087533018,-0.00024380947741725186
855,5.764697805999826e-07,0.0009532463918673096,-0.0004661611172872848
856,-7.785017540027012e-05,0.0007447964710758488,-0.00031220138831964143
857,-1.075562926398072e-05,0.0009860008932239116,-0.00020800544322554536
858,0.00017015615235478615,0.0011846663497707107,-0.0006900581045731497
859,-0.00021911016023312604,0.0006101228024248085,-0.0004998498063075935
860,-5.704722587973e-05,0.0010812658020461039,-0.000242896148521184
861,8.998389558302974e-05,0.0007777389639016489,-0.0004730782713139066
862,-9.136806719116825e-05,0.0007945770833018866,-0.0006347331017909907
863,-8.71087756429306e-05,0.0006717623262250694,-0.00015591306120114803
864,-0.00010389707190311276,0.0008848875643862382,-0.00029462984966836315
865,2.975251694962367e-05,0.000747213631118314,-0.00028239098679244906
866,-0.00010047501500944605,0.0005925473869995404,-0.00023070536185139818
867,-2.8775758221838764e-06,0.0009514429667629342,-0.00044044855632816395
868,-0.00012186114299607973,0.0005913021280471051,-0.0003116117036969141
869,0.00011439495944905883,0.0011245774106381763,-0.0001523806487340368
870,2.870133697966215e-05,0.0008861435048452256,-0.0006543800662134759
871,-0.00010634063603216936,0.0009183577313435489,-0.0005158015144854399
872,-7.603444572201593e-05,0.0009997569306287007,-0.0003564822405994189
873,4.6162963002413716e-05,0.0007727689451670365,-0.0005127275130211381
874,-0.0002524362606375977,0.0005216482303117729,-0.0002470254349958434
875,7.090010533796836e-05,0.0008807022213487802,-0.0002179692098044676
876,1.9713441369727166e-05,0.0007254679707663341,-0.0005308563766935285
877,1.8982447382330613e-06,0.0008589212197744476,-0.0004900760937850293
878,-5.413982166862834e-05,0.0010028767735587004,-0.0003680832528498021
879,-0.00010830141538414838,0.0008629706058621744,-0.0003075467445653986
880,3.524710170754226e-05,0.0009588993818698717,-0.0005589320193124321
881,-0.00022730790929795656,0.0004732870186769159,-0.00010591933691510419
882,0.0001090363396437765,0.001034408031216551,-0.00022972509346310855
883,-0.00010781948914015234,0.0004255000447579725,-0.00041904074554562304
884,8.082070292000683e-05,0.0010926845310559507,-0.00043765156101190447
885,-5.182183522655705e-05,0.0007422057316412399,-0.0004971431287820215
886,-5.815953148031348e-05,0.00100895199313602,-0.000299748377594669
887,-0.00021279626324631547,0.0006906949183274234,-4.014850697064238e-05
888,8.682147632902391e-05,0.0010242144514043137,-0.0005949755895817925
889,-2.4589183198943626e-05,0.0004967001991038862,-0.00025786609627624873
890,1.0492393993510997e-05,0.0009622379122443452,-0.00037476555528620015
891,-0.00021327537278379184,0.0005954109827077042,-0.0001029986813494496
892,6.934097668471e-05,0.0008720152477132176,-0.0003427961838771795
893,-4.104494838975124e-05,0.000695750256528889,-0.0004391959875195925
894,3.3010005695270994e-05,0.0008102492001888494,-0.0004129493688061695
895,-0.00010143956401911569,0.0009300390272266219,-0.00029320659054227655
896,-1.873423436032037e-06,0.0008915061727925355,-0.00031928882840709963
897,1.600213546897629e-05,0.0010570427046096291,-0.0004320889692357568
898,-4.6102562366896425e-05,0.0006266539150960998,-0.00037948434836378603
899,0.00016644787144196157,0.0012973781219083427,-0.0007109516842230389
900,-0.0002403864001340184,0.00048291783486410284,-0.0004327809780903958
901,1.2299208206011167e-05,0.0010801505471562227,-0.00013487058849443362
902,-0.00010810544127972257,0.000729998984103769,-0.00040035446765094576
903,2.6151044145240168e-05,0.0006875574843990421,-0.0003619990960548712
904,-2.3019188595357597e-05,0.0009063411712648664,-0.0006255795377363498
905,-4.3137095261068596e-05,0.0008287514381918463,-0.0004443271070890751
906,-0.00011368800109267394,0.0007766748039339451,2.364837016752871e-06
907,4.5894468510655366e-05,0.0008975020599298325,-0.00024896341558700616
908,1.1613064099453395e-05,0.0008027444928177773,-0.000610687012285258
909,-7.601848438012554e-05,0.000731436412186717,-0.00035312450604933304
910,9.290043575946685e-06,0.001059137596442432,-0.0005412494400314254
911,-0.00011639034927440184,0.0007608745507300626,-0.00037719301759943065
912,-7.479282069956985e-05,0.0008423962891135281,-6.422414074550354e-05
913,2.219479309664867e-05,0.0007991589864492426,-0.00022686066189849305
914,-6.102158621621904e-05,0.0007561229141552821,-0.0004408173012866395
915,-1.2734861670098077e-05,0.0008256757747141653,-0.0003894842525744449
916,-3.322900267380877e-05,0.0008175208803191675,-0.0003999914034207221
917,3.0422515082197446e-05,0.0009430477863289451,-0.00028571598202808794
918,-0.00015621716627675544,0.0007086836185987422,-0.000258254516894525
919,0.00010377476952397751,0.0010154271197837439,-0.00044207493446045106
920,-0.00010224124374050533,0.0007516078639545603,-0.0003775966273794037
921,2.0171783136905457e-06,0.0009227516435121228,-0.0005463062503405255
922,-5.6531999268420456e-05,0.0007560504999787975,-0.0003510425726054073
923,-0.00013025291485129568,0.0008412791534654246,-0.0002662545360288443
924,0.00010076510806774712,0.0008458828559295157,-0.0004379980365523767
925,-9.052254844375249e-05,0.000711874650075988,-0.0003137489018099239
926,-4.20427001736559e-05,0.0009459832048746228,-0.00017443947435205436
927,-8.385366075790453e-05,0.0006160866944980968,-0.00027551304801557406
928,-1.5712853991349785e-05,0.0009751936413898149,-0.00043700039209130034
929,-6.87946779729929e-06,0.0007227692628365883,-0.00041552125689330347
930,-8.548338223490881e-06,0.0008952116319203812,-0.0003013839247215458
931,-8.03647699550091e-05,0.0009059789928035915,-0.0002297977480303264
932,3.541920181988094e-05,0.0009031090767989889,-0.0003354321555152402
933,-9.716434278740493e-05,0.0007169976480252792,-0.0003135449306173301
934,9.41410342354109e-05,0.0008595002276214449,-0.0002556803932295235
935,-0.00011967157770353514,0.000884899446786428,-0.0005020390879215508
936,-2.014719520557843e-05,0.000854098636494072,-0.0004487605007481029
937,-0.00010375935810510394,0.0008808501814524494,-0.00040330716847832146
938,-1.982154737520038e-05,0.0008273342756983286,-0.0002838265174812654
939,4.021692106690791e-05,0.0006972034196514677,-0.0003180414415120873
940,1.5095494024314689e-05,0.0009681688746569085,-0.0005789477526202669
941,-0.00010193180721595986,0.0006972236539896042,-0.0002923488114787585
942,-5.505235466795473e-05,0.0010760451177300168,-0.00040334836920045064
943,-5.930597604896832e-05,0.000767341987806386,-0.0003632817038260776
944,-6.839090405120573e-06,0.0009036141697384457,-0.00026227775647761855
945,3.002945429849463e-05,0.00067836454083163,-0.00033253102498188473
946,-0.00010279166690374233,0.0008232084228589244,-0.0003417205474577472
947,-2.0366330350267914e-05,0.000788759686644288,-0.00010905024127819043
948,3.061072145799164e-05,0.0009532681538766845,-0.000740714897214135
949,-8.709078437421386e-05,0.0007467607649986317,-0.00011764182768804292
950,-9.125738432339992e-07,0.0010809816053108073,-0.0006557124790788578
951,-4.682011506295613e-06,0.0007430308693336735,-0.00038105325079335593
952,-9.27504649650915e-05,0.0008592057983564105,-0.0001204281047115412
953,-1.4319244963864554e-05,0.0007328703796029744,-0.0002714202832786062
954,-3.7853271080830856e-05,0.0007746226615404862,-0.0004136377755627582
955,-3.4971649680874224e-05,0.0006410164072454996,-0.00010332563232570219
956,-4.909349521670819e-05,0.0009771255067305264,-0.00044304358558869636
957,2.4381260484175112e-05,0.0007376942173934737,-0.00041461508547777803
958,-5.984384550377007e-05,0.001034356369727927,-0.0004843217040817668
959,7.201100034679364e-05,0.0009745424530105206,-0.000519296574629647
960,-0.0001581523071782583,0.0008634338966763646,-0.0003179504583384711
961,6.642281437089678e-05,0.000935365533514933,-0.0005459967084185087
962,3.741660293458722e-05,0.0008227897581122716,-0.0006417549064341395
963,-0.00019576575076471204,0.0005981771776830462,-0.00015471864875545664
964,8.554864559291665e-05,0.001035497072307174,-0.0006617038440770095
965,-0.00012309396900694685,0.000576078095380763,-0.00019781199226478276
966,1.14334897663108e-05,0.0009867773492547825,-0.00013705974515180433
967,-3.581688254681467e-05,0.0007415411591832889,-0.000243704370963363
968,-4.1106082247997024e-05,0.0009182960692307688,-0.00020435616980432289
969,-3.3382926341487173e-05,0.000812243801789828,-0.0004283398912605639
970,1.016756360877496e-05,0.0009270601469434868,-0.0005382455212051582
971,2.8519626307139105e-05,0.000912205083371794,-0.0005725270153385069
972,-0.0001026882292392737,0.0009101110132320094,-0.00047500977334994764
973,4.027597112267778e-05,0.0010363291406717023,-0.0002736659221373375
974,-0.00013565642567611863,0.0007726197532469765,-0.00023010573691330453
975,1.9255702598782473e-05,0.0009215959750528955,-0.00032753092107814743
976,-8.63715497079149e-05,0.0006207931007463476,-0.0001696667638062433
977,7.656741039644323e-06,0.0007291457133012601,-0.0003588793511818002
978,-0.00011510248355803838,0.0007062993182145031,-0.00030487708129914656
979,-3.0742088560780465e-07,0.0007797841503887111,-0.0004948350789047908
980,-3.3269301712801474e-06,0.0009480872824251236,-0.0003083048335495341
981,-7.824492925591522e-05,0.0008422671109024827,-0.00030729601934662416
982,6.551158453055013e-05,0.0011367589506683172,-0.0006109220398061806
983,-0.00013431001195249447,0.0006377456817105497,-0.00025486867682021007
984,-2.0782866393300207e-05,0.001009958966182435,-0.00032546595829721365
985,-7.814840453950469e-05,0.0005568659976698268,-0.00016742876379429513
986,3.8854440011639684e-05,0.0009641548548757517,-0.0003585622836909491
987,-2.362344631973069e-06,0.0007284194107823846,-0.0006941934735168009
988,-2.1437711993759853e-05,0.000956187738411467,-0.0001837300905137189
989,2.6744744179603716e-05,0.0010565715896855528,-0.0005875074986115576
990,-0.00012291010215730567,0.0007703842286317752,-0.00029026418558485677
991,1.971620327335267e-06,0.0009236039183383601,-0.0002496790167312306
992,-0.00010673192121345645,0.0007750722154091961,-0.0003685376539531007
993,4.2946750988015506e-05,0.0006505628003824876,4.975091000680146e-05
994,-5.88847413109945e-05,0.0009276237398076689,-0.0006174852173156773
995,-1.712306919768492e-05,0.0006476820293888982,-0.0005061257687743212
996,4.9438445834536684e-05,0.000972408550127901,-0.00039996457799683187
997,-0.00012093896114137437,0.000790175843678549,-0.0003163209542421813
998,0.0001221163919309485,0.0011039408613283286,-0.00045960995066195436
999,-0.00015671178708111667,0.000738949822187372,-0.00042961701919670594
1000,-1.5853623873098414e-05,0.0009944634867371312,-0.00027460400321607965
1001,-0.00014815798428764507,0.0007004012447934465,-0.00039481535183865215
1002,-2.128665286123448e-05,0.0006433494145401704,-3.779342329170946e-05
1003,1.791596664149655e-05,0.0008361369680772768,-0.000564289719976381
1004,-8.885652158499571e-05,0.0005118755896576497,-6.25996542799689e-05
1005,5.7795893261561315e-05,0.001123965465040029,-0.00044151139770827886
1006,-8.367669952187973e-05,0.0006706920643373042,-0.00042316482758407203
1007,4.893620253482674e-05,0.0011253814124742951,-0.0001957111832602187
1008,-3.063905249612864e-05,0.0008099334919533015,-0.0005569125483788895
1009,3.011450851381026e-05,0.000994851245437824,-0.0005846978058119362
1010,-0.00010510323785364783,0.00068326748630333,-0.0001770966856052382
1011,-6.858314991252249e-05,0.0008905938726057155,-0.00034283937732617557
1012,2.0928549672469054e-05,0.000791418616348261,-0.00026194882443930363
1013,-7.118229974034398e-05,0.0007452162065041673,-0.0003381584348576973
1014,-1.0504572620603305e-05,0.0009432540584586903,-0.0004367940722938224
1015,-1.0923327838409445e-05,0.0008072306439093031,-0.00035339730230429117
1016,-5.041787341196298e-05,0.0009561524201416302,-0.00029136906312492324
1017,-9.596960495196502e-05,0.0006474749540381451,-0.0003229557720011657
1018,4.0866102227972586e-05,0.0009659398330578407,-0.00035572229758782373
1019,-3.521072167408961e-05,0.0006808383677363288,-0.00044608859755133657
1020,-3.8449672670368026e-05,0.0008818414367509128,-0.00046775573800514775
1021,4.281092897831648e-06,0.0009699839043477114,-0.0003150186713111779
1022,-0.00011446297421896969,0.0007482931378605443,-0.00015701445780953754
1023,2.1059430995927996e-05,0.0009102771737202333,-0.000503547010658564
1024,-7.695184581380462e-05,0.0007663469660835179,-0.00020137014433123198
1025,-3.825084578898429e-05,0.0008352125471098351,-0.0004309384444274552
1026,4.357896381637234e-05,0.0008174560010121409,-0.0005092734764831186
1027,-2.000695026514357e-05,0.0009358186460782176,-0.00038292025232349513
1028,-2.2340505073351706e-05,0.0007983922519872653,-0.0002505948302786069
1029,-0.00010413435099749499,0.0007750072873209023,-0.0005505402617103864
1030,6.0770453359047395e-05,0.0008653224361435059,-0.0004378454306687051
1031,-6.743943962490209e-05,0.0007056164240480398,-9.253877830959787e-05
1032,-5.7115395214396275e-05,0.0009080286453349647,-0.00010090420201607923
1033,4.789948140359464e-05,0.000890420908255988,-0.00033815854833721013
1034,-7.866588246959383e-05,0.0008139224403174712,-0.000313081664683158
1035,6.624259258785374e-05,0.0008946692194231461,-0.0005993565474700695
1036,-2.7314291712989186e-05,0.0008376135525561758,-0.0005108208347184518
1037,-2.685915575715548e-05,0.0009572617423116046,-0.0005308010700470188
1038,-0.00013194244855513348,0.0007625255578735781,-2.143122556734847e-05
1039,2.681333087514493e-05,0.0009757655763353309,-0.00023179329229645207
1040,-5.814310474402564e-05,0.0006825632197921855,-0.00040197946293180954
1041,-2.6509489084507665e-05,0.0008691754118079326,-0.0006109650510930577
1042,-4.513198360837639e-05,0.0007452646220889283,-0.00025010614130496203
1043,-6.823869169435046e-05,0.0008460824178611892,-0.00012094567318435983
