,cad_rolling_LSTM_pred,aud_rolling_LSTM_pred,gbp_rolling_LSTM_pred
0,-6.454636567899982e-05,0.0011974381235774784,-0.00020546409737039545
1,1.625164036346488e-05,0.001142046642586051,-0.0005487812408541443
2,-4.4702416182722935e-05,0.0013120750414868697,-0.00046167176321600264
3,-0.0001171790842132181,0.0011688961467355575,-0.0001769562702158387
4,-8.201451146668775e-06,0.0010963049462292338,-0.00020429861366755221
5,2.5246899625777283e-05,0.0012120601841258665,-0.0007146227250576666
6,-3.8537002072337934e-05,0.0012108568214345213,-0.0006205073205000612
7,1.4802206453076885e-05,0.0013204467592813933,-0.0002614597501873221
8,-0.00010155300672121334,0.0009859271190172678,-0.000227194438184439
9,-1.0942469361730276e-05,0.0013149985937499875,-0.0004401159973304851
10,-4.332395974671112e-05,0.0010764620578200268,-0.0002964909669208837
11,5.5843075260537684e-05,0.0012892336982513882,-0.0006667224166205825
12,-0.00019515670126361598,0.001185109219231429,0.0004499065335843793
13,0.0002870145450901023,0.0012681065820352008,-0.000820028509647951
14,-0.00019905707181904324,0.0009994973006197945,-0.0002587379220211953
15,-5.3605293637215514e-06,0.0015080250157585187,-0.00037880679447639757
16,-0.00015932694047098307,0.0009258045295382032,-0.0001603031736993388
17,-4.5345139876585636e-05,0.0013862531710398694,-0.0005003337626290863
18,-5.589095887832019e-05,0.0011175372186989273,-0.00025148082890706543
19,6.790222580804734e-05,0.001293347018404648,-0.0005600397721147159
20,9.747425203735126e-06,0.0012013855132712436,-0.0005106343828979243
21,-8.286674557261188e-05,0.0012537986011681762,-0.0004902422766031513
22,-8.614297048905368e-05,0.0011204670973828648,-0.0001516788170640322
23,3.715187834097179e-05,0.001272938483153326,-0.0002224325322203468
24,-6.602249913593324e-05,0.0011460123990038955,-0.0006706195531793477
25,9.579100845038476e-06,0.0012630976792174944,-0.0004236336433833126
26,1.3876857828412148e-05,0.001092278821236026,-0.0003601553222325863
27,1.9106484840001e-05,0.0013350318972361408,-0.00024175328813330475
28,-0.0001385579831380809,0.0012285605854261577,-0.00028325124918434925
29,3.2017592538618407e-07,0.001216274820464947,-0.0004751938114358101
30,-0.00011714595739291568,0.0011350072761734083,-0.00037948697728299585
31,2.123504757318672e-05,0.0013176677039590566,-0.00029812022075030744
32,-3.0066427806572075e-05,0.0010885637171390227,-0.00048614768979691585
33,-4.834068509480637e-06,0.00136808567877429,-0.0003496472523993174
34,-5.0045271906523914e-05,0.0010825028284912168,-0.0002941790232161226
35,3.815204959632975e-06,0.0012317776519229023,-0.0005127397752599013
36,-4.578579640715623e-05,0.0013091794168327074,-0.00022730741589787652
37,-3.279334157696129e-07,0.0011984146237060873,-0.00035000877475408745
38,-4.426741761048906e-05,0.001132102498998187,-0.000419389674161308
39,-9.878708561350256e-05,0.001306077391238879,-0.00015565252577504017
40,-1.0360297439459096e-06,0.0011449116378926512,-0.000606934044432857
41,4.485580395670613e-05,0.0012699483632509158,-0.0003880307064456419
42,2.1340610431193758e-05,0.0012844018452590296,-0.00045462526421575746
43,-9.060139506314032e-05,0.0011359295806030716,-0.00047891454083129814
44,-3.621651273796948e-06,0.0013007061200673616,-0.0003067698414078477
45,-0.00011693613064856484,0.0011590923647087044,-0.00023954561676638463
46,1.3426738564762936e-05,0.0014343244792885087,-0.0004319017858104427
47,-7.610806223739533e-05,0.0009615077447857836,-0.00038652175191307436
48,4.407624767485197e-05,0.001395615062392952,-0.00038535295701477775
49,-8.471374459117013e-05,0.0011609514509285702,-0.0003244557680738469
50,-7.468113234404772e-05,0.0013317398583580827,-0.00032208761441140775
51,-3.983855841345364e-05,0.0011172738282998074,-0.00024653591392540886
52,4.284751222468168e-06,0.0011722192781030434,-0.0005201534861688836
53,-0.00020032274325698022,0.0012196783573405535,-8.953117958446081e-05
54,0.00011642710959213154,0.0012659005137198298,-0.0003076863004474906
55,-4.273815605556924e-05,0.0009386013328357748,-0.000395032990806852
56,-1.5490119135160364e-05,0.001556418100341894,-0.0005223493543263264
57,-4.0106535051878276e-05,0.0010076834127089817,-0.00018873354993930979
58,-6.021000870472459e-05,0.0012600744146321551,-0.00043373718824566055
59,4.331712436280675e-06,0.0013251287008313839,-0.0003529824555414565
60,-3.0258285386362075e-05,0.0011439263184827438,-0.0005092449508690166
61,-4.7208326724961565e-05,0.0013061217110750054,-0.00022215246148256737
62,-2.953322503518191e-05,0.0011337397954084344,-0.0006079426939434848
63,-9.421505373781761e-05,0.00124957563893333,-0.00036226784513565167
64,2.4811462658017156e-05,0.001197375418526317,-0.0002599254876264569
65,-7.543777121379724e-05,0.0012018372040399268,-0.00020986196481842862
66,5.5949273184286e-05,0.0013299936832569805,-0.0005130492476329125
67,-7.301505023354294e-05,0.0011646250590113022,-0.00045550181906093266
68,-6.111124667299666e-06,0.0012569227152943545,-0.0002618270874477259
69,-9.242385052668565e-05,0.0012507672914535113,-0.0003894959633195858
70,-2.4958528028395792e-05,0.0011680624227753571,-0.0005305528886720558
71,-0.00010488279330561463,0.0013016592526022734,-0.00022113793482141122
72,2.9471481732680466e-05,0.0012354980526064895,-0.0002066713143532523
73,-0.00010132419473552745,0.0011430979084236345,-0.00029972254338615724
74,0.00010662034871992419,0.0012473303247699445,-0.00048618529700163843
75,-0.00010112116012606709,0.0011741669434795741,-0.00035930179057386285
76,-1.4640681198276066e-05,0.001192830034912828,-0.0003097359453691086
77,1.1756973945195666e-05,0.0012820510108838166,0.00012303181774434837
78,6.895887351935021e-06,0.0012075154008603908,-0.0006520266924763692
79,-0.00011322434993657177,0.0012673376685876862,-0.0003985823764767201
80,-3.0550638125841777e-06,0.0012453057494758548,-0.0004414201055114365
81,-7.836005160922816e-05,0.0010644531232680988,-0.0004557476650684134
82,3.625429112289496e-05,0.001318699588921792,-0.0002604091492964456
83,-5.830706209764251e-05,0.001195069816636184,-0.00037418397977564673
84,-4.6483966535961884e-05,0.001325938461823361,-0.0002741690914235787
85,-4.104539893903323e-05,0.0012106739722888868,-0.00031682619272328306
86,-3.330047219496625e-05,0.001130642780670973,-0.0005379242061712868
87,-3.18383926780347e-05,0.0012127836634382536,-0.00026281707992754444
88,-3.952600432051607e-05,0.001247518707401736,-0.0005136239768373323
89,-3.7705666572820356e-05,0.0012680723776126574,-0.00022705533609727936
90,-0.00013637827381861043,0.0013768628833356025,-0.00025144289405127534
91,7.035400897973765e-05,0.0010194880471143984,-0.0004785194824949925
92,-5.584279862322713e-05,0.0012767043134572496,-0.0003691582166549365
93,-8.105877798046757e-05,0.0013124251137263657,-0.000356293682795324
94,3.708436843123264e-05,0.0011926440813019817,-0.00044569172852256276
95,-6.626988805500833e-05,0.0011284033355697949,-0.00030717603543394613
96,-8.904846941194823e-05,0.0012715874839807674,-0.0003228127023212332
97,-1.0560515242636256e-05,0.001205948638559423,-0.00030656387414967147
98,-3.0061705501609538e-05,0.0011812420507784896,-0.00026323555687668686
99,-1.3112650056335359e-05,0.0012467464320744218,-0.00045359377927128104
100,-0.0001101582918317911,0.001201374965422639,-0.0001904655361684674
101,2.718708595821148e-05,0.001232721491803099,-0.0004795978044470193
102,-2.9536400538410212e-05,0.001125048728739291,-0.00044646963124644586
103,-0.00010941487125307566,0.0012744853624539366,-0.00031868655199643873
104,0.0001140003731042976,0.001233456532512792,-0.00040564303921596714
105,-0.0001404185817793013,0.0011716242762954043,-0.0005700430553947896
106,3.682025480517826e-05,0.0013458842699564603,-0.00019220716324077768
107,-5.961293751404739e-05,0.001103418016388477,-0.00027245788287912493
108,1.1517908816817793e-05,0.0012705828574628676,-0.0002742542672346751
109,-5.3811115091732386e-05,0.0011880639229317122,-0.0003763356074363577
110,-6.807761196836774e-05,0.0013117635425059545,-0.00036101603635061363
111,-2.4439241355028232e-05,0.0012006310300165146,-0.00033338917623538237
112,-4.744386475791301e-05,0.0010234814696524434,-0.0003512318743459886
113,3.287808358306852e-05,0.001324189657030302,-0.0002765166628346756
114,-7.326966554578593e-05,0.0012182028252056877,-0.0003920834188189624
115,-5.9078790432392234e-05,0.001161166897679005,-0.000731974415963888
116,-0.00013658855315103286,0.001288659517412327,-0.00039418656788092597
117,-1.116504899249455e-06,0.0012111346139869993,-5.183659492816124e-05
118,3.0146652509366118e-05,0.0011468566979838458,-0.0003050841549039132
119,6.638384530552226e-06,0.0012696848194903817,-0.00030615327765424316
120,-7.782740953104857e-05,0.0011152007251713973,-0.00032186608220239677
121,1.349370138308067e-05,0.0013309018222063004,-0.00046760392930520877
122,-3.488789634867609e-06,0.001111724711955466,-0.000525603607952245
123,1.9582888307387693e-06,0.001347123046398998,-0.00020434525087581053
124,-0.0001644577216686439,0.0011789774575025713,-0.0002986866180724902
125,6.58926071224416e-05,0.001232413776009101,-0.00026810720166389084
126,-9.88699188430099e-05,0.0011945840262027481,-0.0003562196879172012
127,-2.761854475153615e-05,0.0011811829803414972,-0.00022561472032025484
128,-0.00014700491392985476,0.00123759489029905,-0.0002265698220785367
129,6.182812153266634e-05,0.0012200862941391549,-0.0003244933964443343
130,-4.761791928337667e-05,0.0011130393769427445,-0.0004382030356134125
131,7.549413233149437e-05,0.00127679485801301,-0.000585170220700426
132,-0.00012687071060957057,0.001265296266138133,-0.0003861395951903516
133,5.782590330518751e-05,0.001242552273850567,-0.0002946977285331573
134,-4.48731188483519e-05,0.0012505829775311232,-0.0002575956501233107
135,-0.00011545257538479408,0.001138617998566219,-0.000480354207152881
136,5.781580141563363e-05,0.0012841656026839363,-0.0003298960562305846
137,-3.28146435650186e-05,0.0011578682010550754,-0.0003728306666171171
138,-0.00016797033761461108,0.0012438224381373067,-0.00023926237488223947
139,7.274206043848087e-05,0.001153059675480676,-0.00023758677172962375
140,-9.989046257127495e-05,0.0011883037185617875,-0.00010635791708336624
141,0.0001183898572689608,0.0011985485342822103,-0.0005331159930765677
142,-0.00013375422967007252,0.0011108466916486467,-0.0004367751601914101
143,3.185127174532051e-05,0.001403448721480417,-0.0004045695813261301
144,-4.321230647285689e-05,0.0009128104590008254,-0.0004291854991832375
145,-4.638318386690133e-05,0.001425656367608798,-0.000249561149414121
146,-4.810320308646309e-06,0.0011908865448812156,-0.00027219435054001565
147,-8.333575819876433e-06,0.0012651286793397504,-0.00035559704643830554
148,-6.79147257351553e-05,0.0011119336077435144,-0.00018441042482804815
149,0.00013127433948041144,0.001263414995266447,-0.0005043799173450525
150,-0.00022784887428463062,0.0011418878558860231,-0.0002381047714982194
151,0.00014432919212387048,0.0013918301084973582,-0.00025291849465905485
152,-4.506889480673046e-05,0.0010836549864066815,-0.00043403912169910625
153,-2.6439246362935454e-06,0.0012736370190769301,-0.0003396505961066627
154,-4.096871090191816e-05,0.0012953012744528968,-0.0005219165099060953
155,1.212925073148661e-05,0.0011617123233280467,-0.0004731917656050167
156,-5.159656828535509e-05,0.0012814862168369454,-0.00025641214252454834
157,-5.355724158940154e-05,0.001234399992763558,-0.0003406921895257379
158,3.006950783810459e-06,0.0012105881396593911,-0.0002416231826672092
159,-1.5750967331782028e-05,0.0012309725707403422,-0.0003501298238673142
160,-0.00011107224843456072,0.0012702699359832745,-0.0002525971148686142
161,6.237147776734521e-05,0.001205401944412564,-0.00042558206127465774
162,-4.670376383999689e-05,0.0012040082181827838,-0.00048190194524347547
163,-0.00015579701870803523,0.0013036066362270677,-0.00023318447858552797
164,0.00013283833094606927,0.0011832500169756258,-0.00034264274328128915
165,-0.0001883228568905508,0.0010365862107645125,-0.00029486142913210674
166,7.015556489484327e-05,0.0014976748390870007,-0.00027065902948714474
167,-3.394945178764597e-05,0.001009706203132103,-0.0004824480491057954
168,-8.318078845134988e-06,0.0013275415658752356,-0.0003462497643162118
169,-4.5817864813180254e-05,0.001249021448757837,-0.00030328212965212783
170,-3.6162273063558646e-05,0.001167306307266586,-0.0001781634070006191
171,2.8371608457472306e-05,0.0012226967009319348,-0.00027885297735532217
172,-3.859977634408377e-05,0.0011951455845031675,-0.0004268835241665384
173,8.288564198494513e-05,0.0012432154670908016,-0.0003685478858367236
174,-0.00024795887702447924,0.0012683471801563746,-0.0003637659778664643
175,1.6903259265232266e-05,0.001235475958845134,-0.0003177359519265304
176,1.8303087676800584e-05,0.0010955318843482603,-0.0003874890137862072
177,-4.988869394591724e-05,0.0012860205469379358,-0.00017592504502294336
178,-0.00010773657549237699,0.0012859833027786976,-0.0003779540516396405
179,-1.8912771456731387e-05,0.0010583204152802323,-0.00028957903603796134
180,0.00010088579835024653,0.0013359746505186786,-0.0002352422036639674
181,-7.848913305593469e-05,0.0011335681713492364,-0.0005039950893019885
182,0.00012003087497267476,0.001295087198615077,-0.0001794861533109388
183,-0.00011722826105488112,0.0012665956218070457,-0.0005470116185600555
184,9.143631172462469e-07,0.0011687306502622889,-5.90611813581362e-05
185,-1.0301127789216925e-05,0.0012787670843586365,-0.00012278446974883295
186,5.125994665830869e-05,0.0011571733461473287,-0.0006826708873515217
187,-9.759696877479829e-05,0.0012774666486521466,-0.00039330672794498083
188,7.425606412744119e-06,0.0012600556068815749,-0.000409583996289913
189,-6.912961821366233e-05,0.0010992615006335624,-0.0002104437105393595
190,-8.804164064714648e-06,0.0013210995322644064,-0.00047446970991391285
191,-1.4162343691868716e-05,0.0013762523561842157,-0.0003865166772791217
192,-7.284939530510304e-05,0.0009882871730143813,-0.00031650297740179245
193,0.00012278700707470108,0.0014159021826340768,-0.0004194852802543497
194,-0.00019058578856800064,0.0012261112571664177,-0.00017981801844048296
195,8.07558223135848e-05,0.0012096034295348607,-0.0003954932446537788
196,-6.507266089056972e-05,0.0011881427156226435,-0.000508565868439741
197,-5.4599742101780224e-05,0.001296426401576664,-0.0003186312041043354
198,-2.5953643091092487e-05,0.001178373179035012,-0.0002453085476917194
199,5.425832149831962e-05,0.0012333050983394723,-0.0004921837385386859
200,-0.00012223255241811126,0.0012138736479689158,-0.00032483924931596826
201,3.033735351310185e-05,0.0013779774069129053,-0.00012952688643573726
202,-0.00010127980709740259,0.001101946837205126,-0.0002258010707437959
203,-3.529711658007411e-05,0.0012427709273370791,-0.00033064649870315893
204,2.4250675120068235e-05,0.0011722354495470849,-0.00032667344891450836
205,-4.1630308900323444e-05,0.0012470745045381393,-0.000367148085035433
206,4.3861700087967164e-05,0.0011829866458988537,-0.00044085584435659417
207,-7.033303100281686e-05,0.0011811883681383212,-0.0004451567570744712
208,-7.114097071486773e-05,0.0013773616051498449,-0.00027949114204822907
209,2.593453767395689e-05,0.001101841489518515,-0.0003899760469885759
210,8.170848526798e-05,0.0012606242990365639,-0.00024115515386032157
211,-0.00010205766404266298,0.0011870857728143896,-0.0003138555202200909
212,-6.60090493240816e-06,0.0013838637400094538,-0.00045062375260835914
213,2.6788740727852582e-05,0.001120950596728672,-9.402024452795989e-05
214,-7.342707516324794e-05,0.0013156282722182617,-0.000554460672270637
215,-9.575732545635064e-05,0.0012767250645986622,-0.00037230448476591443
216,3.238995917213395e-06,0.0011728216895608395,-0.00017632010562403363
217,-1.2152883638881668e-05,0.0011796561679985394,-0.00024815238451773446
218,-8.033883236449322e-05,0.0012697713342356177,-0.0004443923400079858
219,-6.0921723885627434e-05,0.0012655345300429653,-0.0006697103619381314
220,-4.179231207448513e-05,0.001138115965462013,-0.0002319172382139865
221,-4.374717914782547e-05,0.0012220100996199377,-0.00012357856708629687
222,9.182720424524359e-05,0.0013825355767406165,-0.00034490312368924805
223,-0.00012800490698254083,0.0010014117253412072,-0.0004266988575444494
224,-7.530040263617368e-06,0.0014198389382774873,-0.00029728606948129475
225,-1.5199699696848109e-05,0.0010553890822858848,-0.00027298866491693666
226,2.145928614369925e-05,0.0013319526675086512,-0.0004950857003607989
227,-5.661925863248837e-05,0.0012258990554680084,-0.00024002317740632118
228,5.417719005811946e-06,0.0012524332893114657,-0.00034734876077080387
229,-7.26772087743066e-05,0.0011531042542740789,-0.00031466506353328844
230,-9.557607974801497e-06,0.0013380787526253582,-0.00032406927784381107
231,2.933044264948251e-06,0.0011390431023057142,-0.00034364255132389877
232,-0.0001063785522612535,0.0012818430192977812,-0.0003636464736290404
233,-6.589095250797169e-05,0.0011828375981161555,-0.00022646615888304077
234,3.4259104907218205e-05,0.0011661191640544523,-0.00042825097678892695
235,-4.430375149909659e-05,0.0012293998892747245,-0.0003311461857088912
236,4.5857444171513905e-05,0.0012652504251232832,-0.00041035307705554805
237,-4.082040171318248e-05,0.001218033889927868,-0.00032514464957015084
238,-1.3560961878181897e-05,0.0012287005028142142,-0.00023956615325676533
239,-4.9919406057411146e-05,0.0012107284471214476,-0.00020458220958864478
240,-0.0002486947990959715,0.0012438219078495672,-0.0005141030468399379
241,0.00011846008789136926,0.0011863071806846564,-0.00038582125251757386
242,-3.834353130256173e-05,0.0011604162127014372,-0.0004322316080090533
243,0.00010305469987509232,0.0013508849517781952,-0.0004128009104669613
244,-4.697151730183939e-05,0.0011566381688839931,-0.00015897462843502614
245,-8.003983919717678e-05,0.001319070703295431,-0.000484686785676859
246,-3.6041519043166136e-05,0.0012058838606697664,-0.000381674660668875
247,-4.1305357960909644e-05,0.0011460300106994744,-0.0003272433944242015
248,-7.57307331523652e-05,0.0012108538968836863,-0.0001370282336781463
249,-7.293323011327288e-06,0.0011960411152991826,-0.0003361488320631209
250,3.972543302683183e-05,0.0011551795092370934,-0.0005480526195480914
251,-7.735591782126382e-05,0.0013010750822359727,-0.0002104148016996299
252,1.4304890820401139e-06,0.001242819421108016,-0.0003483025070895824
253,-0.00010256842763310195,0.0011322893451370106,-0.00035019207314612
254,-7.654876189589002e-05,0.001265599300066642,-0.0003159828801622856
255,2.0668366802988868e-05,0.0011973190850484475,-0.0003929001614153915
256,-8.32587799221382e-06,0.0011771989950952427,-0.00031683604996301807
257,-5.1358021131361674e-05,0.001273926946762022,-0.0003314633970440806
258,-2.0540066791351468e-05,0.0011848824760418038,-0.0002994710614154717
259,-8.939154299091896e-05,0.001208245751545072,-0.00028709939251207235
260,4.951741930693207e-05,0.0011741740862399302,-0.00026899686254389
261,-5.369191154165143e-05,0.0012539972267565209,-0.00042112536882393326
262,-1.882301199261048e-05,0.001212494600123948,-0.000247323163214365
263,1.696746500167157e-05,0.0012357121801253588,-0.0005287593272611086
264,-8.828698662614714e-05,0.0011607171798496698,-0.0002934942148758681
265,-4.5481435837127e-05,0.0012664640929174664,-0.00032083582930593415
266,2.8258111484214573e-05,0.001182382663864087,-0.0003664291874508317
267,1.3981011629764545e-05,0.0012803193651386249,-0.0003832070697200495
268,3.1350092910821983e-05,0.0012315928766366542,-0.00038624297128667025
269,-0.00011652676839117518,0.001197237023786943,-0.0002634061970789613
270,-5.84057186756007e-05,0.0011740620035996796,-3.8757233503211716e-05
271,-3.067222566387799e-05,0.0011915943092013334,-0.00033848185284480147
272,6.867240642548837e-06,0.0012672876060128096,-0.0004527352501873727
273,-2.029772409362041e-05,0.0011636042431084368,-0.00036706697213416834
274,-3.302979234301034e-05,0.0012946237485850069,-0.0003189395079398763
275,5.747244255956442e-05,0.0011707908591007232,-0.0004515930836039713
276,-0.00013544938089563203,0.0011986429472031742,-0.0001598595121522472
277,5.436678885008607e-06,0.0012926366016659963,-0.00039384483435220806
278,-9.845492945289196e-05,0.0011462654854397943,-3.270599240870253e-05
279,7.158781758879912e-05,0.0013077809851413822,-0.0006407865231622332
280,-0.0001029471449559232,0.0010716109912222622,-0.0003820990884426009
281,6.250082849367147e-05,0.0014118700624360556,-0.0005008118009937443
282,-5.855042362047002e-05,0.001000838926314501,-0.00020707485936718027
283,-2.688166774936061e-05,0.0014447577054877024,-0.0002556761365094262
284,-5.463788838794741e-05,0.001158557889371525,-0.0002565753128244884
285,0.0001623401010292363,0.0012949569263990509,-0.0006061501532140696
286,-4.9838456408360025e-05,0.0012308700696001076,-0.0005533875662925244
287,-0.0001260712197374603,0.0013734241008610858,-0.00023584885852585673
288,5.050234746115581e-05,0.0011434635545806069,-0.00033989886247009875
289,-8.084611529077303e-05,0.0011910058057383274,-0.00016958366284028576
290,-4.824702306643949e-05,0.0014383339963804733,-0.0004211724784615985
291,-2.931362247775767e-05,0.0010980673187733923,-0.0002640015183765676
292,-1.7390584371185367e-05,0.0011682671862860642,-0.00021467287445676417
293,-0.00012098367221382587,0.001233279286933825,-0.0001879649844127617
294,4.603791735263914e-05,0.001293776522138268,-0.00024343564419757052
295,3.4025803030302546e-05,0.001098698865721889,-0.0005579909452758473
296,-4.361392001147703e-05,0.0013304358685016274,-0.0004165515396941975
297,5.212713543512383e-05,0.0012790814493125666,-0.00034518264895523913
298,-5.8248107909477187e-05,0.001153725359246644,-0.00043691055229279287
299,-5.9248076159057995e-05,0.0013125984975948667,-0.0002089928105270285
300,-0.00010680184036842242,0.0012837230555729244,-0.0002918903408737461
301,6.973901078232053e-05,0.0010412844048458085,-0.00033648758060733815
302,8.689705123174694e-06,0.0013967030129257761,-0.00042210163225083933
303,-2.2236753898928472e-05,0.0011842402539447763,-0.0005437986828092632
304,-7.005065963736155e-05,0.0013556733778052068,-0.00020658895975288866
305,-3.7011368697490116e-06,0.0011355261753370025,-0.00022240502384893583
306,-2.7306866569953872e-06,0.0012396511037774454,-0.00022543780794143748
307,-0.00016157902330010164,0.0012164211947790935,-0.00028335053953398837
308,6.865146662007854e-05,0.001234718425665363,-0.000370769461297305
309,-9.637596374048341e-05,0.0011534688811288712,-0.0005030038032255578
310,-6.494687042941274e-05,0.001340324054071792,-0.0002500068180126961
311,5.682432995125941e-05,0.0012153868048904847,-0.00023995687587239427
312,5.0933173319142684e-05,0.0010890586502547428,-0.00026670243610265503
313,-0.00010621783353805968,0.001318459308046293,-0.0003774251633092611
314,6.978519396545169e-05,0.0012833151382229742,-0.0004175604944854931
315,-9.519734857014744e-05,0.0011873565262114018,-0.00033740739286322835
316,-6.346396427079998e-05,0.0013924079462273836,-0.00020691261090701867
317,-3.658902660853757e-05,0.0012055178404498494,-0.0004078666051951647
318,-0.00018402268220798237,0.0011035235086160082,-0.00012697796954816274
319,0.00014008519616486655,0.00137950514817832,-0.00048727772023358907
320,-0.00010933611145273441,0.0010388959254549507,-0.00031750821566019476
321,2.55990771101395e-06,0.0015093886676099033,-0.00021802316669916366
322,4.012299448298068e-05,0.001036022210858685,-0.0005163566954894806
323,-2.5917394633705206e-05,0.0012362397720089933,-0.0004518853131704687
324,-7.130933390890876e-05,0.00141904329462809,-0.0003833639184623644
325,5.964244791674548e-06,0.0010834799013287742,-0.0002692138991829523
326,-3.0931365291708455e-05,0.0012352836489464194,-0.0002214461263218575
327,-0.00012455598984705877,0.0012686266857814806,-0.00029007398300812635
328,2.3838764701154657e-05,0.0012341623763895849,-0.00029952504144291754
329,-2.9247580554731187e-05,0.0011745972349627833,-0.0004693736324116717
330,4.040755674032992e-05,0.0012422287501558122,-0.00016935691526855475
331,-0.00012311130066282766,0.0013171078369428677,-0.00029174426687499647
332,-3.856060896837705e-05,0.0011258652042194662,-0.00029749863326425054
333,1.6057202706509007e-05,0.0012376380377739336,-0.0003750144829788334
334,1.2333887211715245e-05,0.001162077865059717,-0.00029690932547463437
335,6.7677679235227375e-06,0.0013497605526793964,-0.0003579970966711296
336,-7.795200059673919e-05,0.001164866233941772,-0.0002075006617430478
337,-1.2315900824179824e-06,0.0012239497786076074,-0.00047373284160171327
338,4.5567801913709555e-05,0.0012221357389862113,-0.0004821329099877246
339,-3.519507681059113e-05,0.0012931973518696665,-0.0004719340429510525
340,3.681062159663342e-05,0.001181781440027233,-0.00037465639096974
341,-3.878745817462902e-05,0.0013796894316416362,-0.00029590512039699745
342,-0.00010271310725097192,0.001203016771923715,-0.0001529469386926968
343,-1.5253398713689771e-05,0.0012752973266019064,-0.0003494729930418769
344,-3.24088979129799e-05,0.001153673121844733,-0.0003073792148867461
345,-7.933298526244531e-05,0.001333744037385776,-0.0005232292424610845
346,2.086912430442522e-05,0.0011840618510595648,-0.00027576089222369646
347,-4.30233047273256e-05,0.0012120301709924559,-0.0004960904935130816
348,1.2060562551734486e-05,0.0013683520042106698,-0.00026524427446265387
349,-8.907190008363257e-05,0.001155175653828905,-0.00021968645534381544
350,2.9841879014363628e-06,0.0011828874655651315,-0.00034402690610341115
351,-4.592739435079006e-06,0.0012129375355452755,-0.00022639225044681664
352,1.7569386033905844e-05,0.0013098569247746046,-0.00034086708252006295
353,-0.00016460184113471137,0.0012416804295857966,-0.0003279908199261038
354,-2.7949228624429795e-05,0.0012524823373253314,-0.000376565522217299
355,4.2683983891267136e-05,0.0011050991011505122,-0.0002847575980569345
356,-1.6462179772759876e-05,0.0011941646658346393,-0.0003105058407751218
357,4.2401587650516494e-05,0.0013568027306346177,-0.0004329306545316307
358,-0.00016144663477427499,0.0012065289287897557,-0.00033868875906097816
359,6.370822111186988e-05,0.0012683980207748237,-0.00026246954517151143
360,4.7689078762332885e-06,0.0010687770561041284,-0.00040668043028440433
361,-0.00014580000762015933,0.001346650200671783,-0.00037449646625810557
362,7.806905468049012e-05,0.0011801591790336766,-0.0002898912050706919
363,-6.125635274860258e-05,0.001129550878940691,-0.00045333090092601397
364,3.024793760092074e-05,0.0013728177259369778,-0.0002130878850445029
365,1.5523257984097627e-05,0.001190258104070873,-0.00042756426479247176
366,-7.85229637317546e-05,0.0011806124381347728,-0.0002821689033983183
367,-1.875167910222035e-05,0.0013286791098221706,-0.0004015151591362932
368,-0.00019550970164956515,0.0011456244056355285,-0.00022596305568115316
369,0.00016569044818848266,0.0013110406013626976,-0.00029491718513024464
370,-0.00011807877900346871,0.0010438839809819534,-0.00026035428218273526
371,5.010347113159628e-06,0.0013884617170618974,-0.00041966346478168625
372,2.125574792616199e-06,0.0011625940692724136,-0.0002170347198266106
373,-7.529275590242966e-05,0.00110546182961291,-0.00034802010960840134
374,3.12016509700617e-05,0.0014424267364283958,-0.0003618106436284516
375,-9.781866943226656e-05,0.001035798600010086,-0.00039297839028494454
376,6.677593434312964e-05,0.0014196272160693804,-0.00039350040831967015
377,-4.4685039421805016e-05,0.001151785989696016,-0.0003289017685071642
378,-6.142856338109764e-05,0.0012105115347882313,-0.00030759322110170313
379,0.00010025644399415624,0.0013503593080925703,-0.0005096195646274869
380,-4.128427478419261e-05,0.0011622838884416586,-0.00023689996404212862
381,-7.848026305328256e-05,0.0014312334118730548,-0.0003471858048404488
382,3.315468416971379e-05,0.0010999259464725935,-0.00040583168190177934
383,-8.643674642652986e-05,0.0012781107702632274,-0.0002632845176640218
384,-2.463120067190245e-05,0.001285357906942734,-0.00017985856547717057
385,-9.220918862467401e-05,0.0011637128181993884,-0.00030480484872060637
386,4.169010030807163e-05,0.0012279891485391626,-0.00032298045723551453
387,-4.4504213454894323e-05,0.001176024146649978,-0.00046635552453566447
388,1.2830443518987633e-05,0.0013996958764811733,-0.0005217595619961197
389,-0.00013740917525305668,0.0011559052861923528,-0.0003168212260758353
390,-5.5029986306413174e-05,0.001280007010817248,-3.1834515997406594e-05
391,9.572050449550459e-05,0.0011373314583930413,-0.000451719732934842
392,-9.953740298898807e-05,0.0012061628986514024,-0.00023375268547173785
393,5.164716613239786e-05,0.0014254631316452685,-0.0003029673486254158
394,-5.9446227713565634e-05,0.00098291556286611,-0.00039452886459774865
395,-3.706055536221174e-05,0.0013633899963362553,-0.00024087461630710466
396,2.1795056639066674e-05,0.0011767744852915277,-0.0004223075421435854
397,-3.586420153134392e-05,0.0011669939052376128,-0.0003234199585626893
398,6.889219788671131e-05,0.0012874367869179753,-0.0004657665489608298
399,-0.00015260237824522683,0.0012716308881889748,-0.00030329787029835113
400,3.023422651524678e-05,0.00132209451774959,-0.0002746215365415089
401,-7.568995278217522e-05,0.0009882508274553735,-0.0003009931860650456
402,5.39133790434941e-05,0.0013784959192283469,-0.0005325437741372579
403,-9.142221144473079e-05,0.001233423201529874,-0.0003547172284891594
404,9.014253115370917e-05,0.0012651045784106583,-0.0003581932575840264
405,-0.00023020556888694163,0.0011469589660529178,-4.120062671913164e-05
406,0.00011605568836692042,0.0013410341267763083,-0.00039954981990194074
407,-0.00010508131757925107,0.0010543008760131886,-0.0002676576169999557
408,-6.867887182835458e-05,0.001412919311747323,-0.000295908122051791
409,7.142723997080722e-05,0.0010752352382707203,-0.0005266230514921039
410,-6.997350105621329e-05,0.0012922643128691648,-0.00031966213308983577
411,-5.399707394996941e-06,0.001379370284865897,-0.0002725699090215702
412,-4.245539334733204e-05,0.0010092164065742416,-0.00034777943482478023
413,-9.500509231115218e-06,0.0013396557317871542,-0.0003173634656470406
414,5.19919363870588e-06,0.001215597014326386,-0.0005221526638914687
415,-6.722835880145468e-05,0.0012811508275557076,-0.0003021042958864984
416,1.5318162621453526e-05,0.0012515517719259388,-0.00037045922695941053
417,-1.4777024300556915e-06,0.0010852938686810565,-0.000268102025579217
418,-8.150039320627077e-05,0.001382086434594648,-0.0003723584897477074
419,2.6436916043349955e-05,0.001127438185041236,-0.00037621081704290195
420,1.9072885410862232e-05,0.0013257828186825121,-0.0003742006838299903
421,-9.186194233349682e-05,0.0013285106129350408,-0.0002295043253377525
422,-8.35002261713736e-05,0.001231369748176921,-0.000364025000881585
423,8.056500197818927e-05,0.0011936657238921593,-0.00032406723711989396
424,-7.867419103454505e-05,0.0012657364930965208,-0.00025696939943089576
425,-9.736131347373928e-05,0.001195791078496431,-0.00026649168120488606
426,1.106933087546579e-05,0.0012030663190409651,-0.000261617575186356
427,-3.07114733823448e-05,0.0011897585644190507,-0.00020456730549240027
428,-3.5434047297807814e-05,0.0012818210361445804,-0.00041553527129951126
429,7.456843648383941e-05,0.0012301423346116767,-0.0005814523904672977
430,-0.0001387255466347711,0.001277114585890246,-0.00026711206600278376
431,-2.2732006675987744e-05,0.0013177893580481469,-0.00026015556552527394
432,-3.384013302051923e-05,0.0009250036530980096,-0.00037723671262078994
433,-1.0820340741293233e-05,0.0014597323960492215,-7.740879286197258e-05
434,6.526363179661316e-05,0.0012451189596248524,-0.0004627489998745248
435,-2.4023939053297745e-05,0.0012564909581905628,-0.00047703912253076685
436,-1.4118125526509827e-05,0.001262052149324176,-0.0004938117552646589
437,2.7160551207968064e-06,0.001287670391147735,-0.0003151668760049507
438,-0.00011447338905905655,0.0010805503984701837,-0.000182344295940158
439,-5.2391106600942016e-05,0.0014039258271458033,-0.0002752736145571494
440,-1.3076392418360236e-06,0.0011419277348183956,-0.0003636204562657984
441,-4.7841787169158495e-05,0.001285837029639278,-0.00017382169053292007
442,-9.818340784259043e-05,0.0013828066951869708,-0.0003951959288583744
443,-2.079492421815624e-05,0.001006455709765381,-0.00036452513098921745
444,1.6419858894312802e-05,0.0013151451453149508,-0.00026759335349654226
445,2.3544913446745852e-05,0.0011660939850407896,-0.0004639130648462918
446,-3.845554931648724e-05,0.001284188967242567,-0.00019416385248887888
447,-8.84120705780024e-05,0.0012977141904619998,-0.0004010686269994482
448,-3.4419647414982685e-05,0.001063192518450645,-0.00037238796435418734
449,-2.008507414127202e-06,0.0012610368482710674,-0.00014436322852706083
450,3.2003623832297656e-06,0.0012144919883087146,-0.0007269146093827074
451,1.2509267801262152e-05,0.0012584458153354244,-0.00019388059707526234
452,-5.588336535767717e-05,0.0012616163553118176,-0.0002074239842276188
453,3.523834649856049e-05,0.0012645781315881047,-0.00038026889300981633
454,-6.622834738680457e-05,0.001178676719558938,-0.00046426983932722367
455,-0.00015382667726613928,0.001248980680307555,-0.0003837350544174345
456,-2.2557146318344184e-05,0.0013324743151628773,-0.0002561674378926335
457,3.8315107756609105e-05,0.0011123754899518554,-0.0003884552088031228
458,3.1376534223623223e-05,0.0013401378672765307,-0.00033123983269891155
459,1.3051127793722513e-05,0.0012909335351574823,-0.0001428220003937096
460,-5.5904253064072056e-05,0.0013063388331172982,-0.00018174837125834966
461,-2.845176045910285e-05,0.0011259918024481804,-0.00044593932669787764
462,-5.943066588207453e-05,0.0012820037758714507,-0.0002885238210067737
463,8.651816313949387e-05,0.0011783101201572402,-0.0003100098524092501
464,-0.00015622643327112683,0.0012485672335727806,-0.0003391925179886453
465,1.0664003951170567e-05,0.001340398135313719,-0.0005081282788887109
466,-8.864277153347607e-05,0.0009950030445056498,-0.0003319176816180155
467,-3.4594954080146316e-05,0.0014324883386068483,-0.00027117434160207893
468,8.863468896438139e-05,0.001135720611392105,-0.0004384022657293908
469,-3.636513394014969e-05,0.0012633999332666032,-0.00045071009164773324
470,-3.608055003231771e-05,0.0012891151205501785,-0.00016134737666436246
471,-6.438647862727482e-05,0.0011859708813039959,-0.0004945043040654307
472,-4.964974803272859e-05,0.001210115795102303,-0.0002145636772746921
473,-4.257402511029687e-05,0.0013548797177097265,-0.0004612444226194263
474,5.312400758693125e-06,0.001124679565232693,-0.00036819706020436223
475,-8.634133620566537e-06,0.001317356838715586,-0.00021353951479340347
476,-1.8086029299335313e-05,0.0011539901680303211,-0.0003421829168213172
477,-7.068763156230532e-05,0.0012690839092431158,-0.0004231198097097307
478,2.2607649250044523e-05,0.0013025454155445827,-0.00015584141331885808
479,-0.00013533798359649242,0.0010315390391648798,9.643951349691689e-05
480,5.737287924852986e-05,0.001421199902605068,-0.000531840990593529
481,-6.200747558625314e-05,0.0009052686551425376,-0.000297170267788842
482,8.631461589510988e-07,0.0015485545072430403,-0.00034509295113206
483,-5.422341399720076e-05,0.0010530765975812909,-0.0003875768747608565
484,1.664061054308026e-05,0.001232206067093978,-0.00048636207925438415
485,-1.747313759690794e-05,0.00125832387814889,-0.0004882764921916626
486,-2.6039740217191818e-05,0.001313598702635172,-0.00047701024590025924
487,-7.920603273901597e-05,0.0012067267484876301,5.661973743600359e-06
488,-1.685443246028582e-05,0.0012708802413450594,-0.0002799693911561517
489,-0.00010392531141084479,0.001067268345240494,-0.000688509814603216
490,3.1575853684064694e-06,0.0013341064919094813,-0.00012582420367603084
491,1.8870318907993485e-06,0.0011633163373193512,-0.00026647564224542504
492,8.453491902100943e-05,0.0012550265548556421,-0.0004079304519449973
493,-0.00018994083906902833,0.0013564429831017018,-0.00028621662813888037
494,1.8922766639502264e-06,0.0012393157735827145,-0.00014854894598506744
495,2.521123031881302e-06,0.001034676052867547,-0.00046589660080045554
496,-3.414453086068663e-05,0.0014234408401771065,-0.00029489551814569095
497,1.0668332359647465e-05,0.0012064535183509636,-0.0004665896244968832
498,-8.844413354146911e-05,0.0011937221335997566,-0.00016390207940792178
499,-5.11453347810522e-06,0.0012146740326656113,-0.0003832501079175518
500,-3.647170541292356e-05,0.0011283766200406063,-0.0003909858116745859
501,-0.00011386787232464512,0.0013600975436129934,-0.0003372826217900676
502,0.00010500831941934482,0.0012151723382088952,-0.0003131877948354872
503,-1.568696547703352e-05,0.001138224734285182,-0.00026944201075043575
504,-4.232259439881975e-05,0.0013948197209841665,-0.0002407758760340463
505,-0.0001112264343743281,0.001270270244574664,-0.00044637170689961457
506,6.407364620193846e-05,0.0011675751697212875,-0.0005986884118877743
507,-0.00010227450179631452,0.0012701197244922898,-0.00035369486117089636
508,-3.446879948553379e-05,0.0012282569173492077,3.565772371433355e-05
509,-1.7019692349051802e-05,0.0011928666005180074,-0.00029044861936222737
510,-7.51240622425485e-06,0.0012763165741685612,-0.00044432507136177524
511,-2.1185873467124023e-05,0.0012368913307694194,-0.0002598748620208632
512,6.621744658623223e-06,0.0013220110213434005,-0.0003369893435721082
513,-6.904740935194974e-05,0.0011247374401521634,-0.0003890631329101066
514,-1.587684153776943e-05,0.001294666095925397,-0.0002393535250428944
515,2.095315292190253e-05,0.001366977662034577,-0.0003751940077747934
516,-0.00010584322856764281,0.001082046560136488,-0.0002314876530085347
517,-2.6316693068430165e-05,0.0014062358251005465,-0.0004200308328971713
518,-6.65620126773668e-05,0.001064801523736847,-0.0004172447175982806
519,2.675356841384353e-05,0.0013389799317014466,-0.0002896532966833635
520,-4.916592386767171e-05,0.0011418497522194754,-0.00022651899344541015
521,-3.743410771813546e-05,0.0013563152636931802,-0.00025145037204826287
522,-4.909248599562064e-05,0.001108640596535183,-0.0004041452164302181
523,-6.776393980084512e-05,0.001305679253900596,-0.0005946328222129094
524,-7.899324438035717e-05,0.001209567882144051,-0.00023957975040978476
525,-6.056065046040208e-05,0.0013116800496002048,-0.00012526068115167337
526,-9.886793274725747e-06,0.0010316955186113821,-0.0002540378213386649
527,1.1979599741691451e-05,0.0011605721937383837,-0.0004808438816844696
528,-4.860611193197215e-05,0.0013682478629607625,-0.00022936227444899645
529,5.588649128978169e-05,0.0012133591946982586,-0.0004498744386802714
530,-3.228133845839498e-05,0.0011241406850340697,-0.00016227937172702176
531,-1.6703814017916027e-05,0.0012794633907776492,-0.00033851137333322116
532,-6.460779137948905e-05,0.0011863337201500478,-0.0003882636581640877
533,-2.8921223132150614e-05,0.0013181074689440353,-0.0003128478931751834
534,-7.173258082349271e-06,0.0011554288911188007,-0.00019526517784179207
535,-5.255119142974618e-05,0.001314950103087704,-0.0005846093882214947
536,6.086415607252178e-06,0.0011239421147139746,-0.0002771012819757323
537,-4.0398131491621975e-06,0.0013635992756265013,-0.0002182930806009114
538,-7.930352159936004e-05,0.001168022165497491,-0.0001620266399493582
539,-1.0630073962361878e-05,0.0013054183065677428,-0.0003998656230762543
540,-0.00017001594590183646,0.0011132013989195006,-0.0001800770418102368
541,0.00011952138370360342,0.001377550659805437,-0.0004941976834927948
542,-7.470271554218136e-05,0.0009835475033934582,-0.0005398493763787021
543,-9.944572755127397e-05,0.0014430587616275237,-0.00020701393108092347
544,2.535415888033682e-05,0.0011372660283700982,-0.0003338382055484809
545,-4.3129922393331176e-05,0.0010795034455255194,-0.0003493045755198964
546,2.5508414841156266e-05,0.0014027080350385978,-0.0003646153507747466
547,-2.401071453951641e-05,0.0012379801180229329,-0.0004473161943855118
548,4.460057868488399e-05,0.0012427550059583997,-0.00026178206586081605
549,-1.5510364108971695e-05,0.0011976942672747132,-0.00022134713590614866
550,-0.00012047488269700201,0.0014807939254177583,-0.00030409498324231567
551,2.297583715638247e-06,0.0009741948115293388,-0.00045311235660537065
552,-0.0001272965560370124,0.0013482333548155156,-0.00020967705519843796
553,4.734512539386843e-05,0.0012499365994870473,-0.00038375423921601585
554,-1.9791957158527283e-05,0.001129711619334473,-0.0003566689780313338
555,-8.762517475568075e-05,0.0013196206910814437,-0.0001250880575873127
556,3.114819676286775e-06,0.0011675961660938135,-0.0002881053263681075
557,-6.499631783132295e-05,0.0012023564251593876,-0.0001239915623926303
558,-2.6764844541558598e-05,0.001306875988280699,-0.0004518344362554073
559,4.6193398290284674e-05,0.0011453899143337334,-0.0004159471585791904
560,-0.00015457204698673686,0.0013061751647949523,-0.00034406353998536645
561,0.00010534568133222565,0.0013062803761686313,-0.0002734424363774749
562,-0.00011059313483682275,0.0010149533470115064,-8.059191547780725e-05
563,6.336498069327848e-06,0.0013284719725592383,-0.00032864309492270483
564,-1.888052166342507e-05,0.0012650492254315114,-0.0005079950147598178
565,6.499383997132622e-05,0.0013233819240688015,-0.000476308122410337
566,-0.00011195651145502981,0.0011862275839908752,-0.0003512586607965582
567,1.3891180397223203e-05,0.0012109917764310297,-0.00028009791842736464
568,-1.4286423555664932e-05,0.001248041254538013,-0.000291692197463323
569,-7.934024435483301e-05,0.0013051972485376422,-0.0004389273602836781
570,-7.506954296387358e-05,0.0012916255581124137,-0.00038473362298062336
571,-4.1341319816972624e-05,0.0011590545850026935,-5.2963390466957325e-06
572,-5.174520789702314e-05,0.0012018442962538336,-0.0004644488955254471
573,-3.998223238239273e-05,0.0012717515396869102,0.0001465820879419
574,3.9213711363839564e-05,0.0012575123877684544,-0.0006151701052109539
575,-5.112237198272806e-05,0.0012199189289151225,-0.0003045711161622199
576,-1.7504851313084623e-05,0.0012989778994213126,-0.0004204461960668563
577,-4.740367777988301e-05,0.0011397762174542203,-0.0003215782250477484
578,-3.855067664823689e-05,0.001274616335355905,-0.0004119463772380728
579,3.494308283415915e-05,0.0012899286380770969,-0.00042894831787629426
580,-1.8284959935901604e-05,0.0011566861386861835,-6.5056706705792e-05
581,-8.959217296065409e-05,0.001314165053022682,-0.00033608473969955237
582,-3.7280729191077056e-05,0.0012488815451338914,-0.000279881620492458
583,-4.191798191175364e-06,0.0011547572945982047,-0.0003666101832630102
584,-2.1244562186270632e-05,0.0012976293614073266,-0.0005596934213928369
585,-0.00012528122840174514,0.0013414661629418988,-0.00024149140603428598
586,-8.356346971134407e-07,0.0011274826652014052,-0.00013484082496966564
587,1.1119242653128905e-05,0.001244190334649288,-0.000261533257842436
588,-2.2777000634242776e-05,0.0012605339554485674,-0.00028056682880797044
589,-1.4332911064802196e-05,0.0013218580894274635,-0.0004955443754733225
590,-2.685357576358704e-05,0.0010778345972741411,-0.00037077223158961305
591,-0.00010698405827842177,0.001362313269198299,-0.00023855742895165103
592,3.454343589661703e-05,0.0012151670853997507,-0.00031128225899702214
593,-6.204336837021025e-05,0.0011796589011204076,-0.0002348132239532532
594,5.605527584985479e-05,0.00131298872526243,-0.0003901760537880864
595,-0.00013768652659265702,0.0011289363410104754,-0.00029634737144632766
596,6.047013364274869e-05,0.0014169607785297041,-0.00028529419399662867
597,-9.677822948300722e-05,0.0010257193806642942,-0.00042401266528296346
598,-5.775087941745647e-06,0.0013851498776908334,-0.00030913601973669026
599,-2.266008431279287e-06,0.0012061317539162626,-0.00038990341922334423
600,-4.194149120135476e-05,0.0012425054280903018,-0.00027647131979707877
601,-7.172979704946545e-05,0.0013009175543249683,-0.0003048214142626739
602,5.738056089642463e-05,0.001191571164025862,-0.0003717436874786262
603,-2.897397977334635e-05,0.0013280558986915856,-0.0003415751736713555
604,-7.688558856132376e-05,0.0012602856277519128,-0.0002863377696233811
605,-5.99577322890725e-05,0.0013255157034416409,-0.0002626306071059351
606,-2.3198916980388767e-05,0.0010832569927476123,-0.0002771999451660728
607,-8.82743069495989e-05,0.0012776137927424526,-0.00018351946787970735
608,7.425481975097765e-05,0.0012866889981619643,-0.0003635345424899515
609,-5.6291122020745145e-05,0.0012660293381371807,-0.00041452413793355335
610,-7.713290434433411e-05,0.0012612198839522502,-0.00013285196502274207
611,2.0918569087194624e-05,0.001211788085067901,-0.00053894292289206
612,-4.052146019052287e-05,0.0012040523707423953,-0.0003731683983804181
613,-2.8530624746814262e-05,0.0013435240205253076,-0.0004255301103819786
614,-4.1936767196932414e-05,0.0011334086622482812,-0.00026878320359517195
615,-8.539460384025452e-05,0.0013436334442152242,-0.00029916370532548126
616,6.872700408069296e-05,0.0011861526370710814,-0.000355283049740852
617,-0.00010227630202831238,0.0012439464108270639,-0.0003653471350782946
618,-1.6144051395715734e-05,0.0013665610755728092,-0.00036855076520731693
619,-1.074166972582644e-05,0.001116709966149235,-0.00032600237152792316
620,-4.403741857317734e-05,0.0013271710632271874,-0.0003656578930880186
621,-5.0124901947972415e-05,0.0012524599048855337,-0.0002278038361171407
622,-3.06034585591208e-05,0.0012224793945521618,-0.0002979879293159559
623,8.13641810283643e-06,0.0011541990811422568,-0.0003479609277512564
624,-1.3825955842633898e-05,0.0013814160498753364,-0.0002918566409721633
625,-7.76389430191261e-05,0.0011403957212090406,-0.00020907343842464438
626,-9.330372248074849e-06,0.0012289209434943273,-0.0003959123603727503
627,-1.5415808491333476e-06,0.001235058112581974,-0.00036361747661127323
628,-3.536737550947596e-05,0.0012936787829571873,-0.0003573715443879686
629,-6.430762587918745e-05,0.001187814943968916,-0.00033059440391245147
630,-1.0729837638159994e-05,0.0012630793001054373,-0.000255162745723028
631,-0.00011694465960814604,0.0012131328252337134,-0.0002603605571272085
632,-3.39765286823612e-06,0.0011854444231167013,-0.00029077921370923815
633,9.439656209807046e-06,0.001241024136255452,-0.000382345587486719
634,-7.799690394079532e-05,0.0012744327141683588,-0.0003397093149965085
635,-5.8050019637467116e-05,0.0012610521650331977,-0.0002753440428405744
636,2.6620243350118162e-05,0.0011833109300450847,-0.00044004368994988915
637,-1.0313044819120826e-05,0.0012357453091050806,-0.00025206764585872796
638,3.184168468339522e-05,0.0013614968118343723,-0.0003932579221699171
639,-9.161773322084316e-05,0.0011378706223835265,-0.00033571016225883047
640,6.211545475083868e-05,0.001348750006882987,-0.00043097288640491925
641,-0.00010727737527870108,0.0011958896894403602,-0.00035078212392554984
642,-4.782492410862084e-05,0.0013069867715805813,-0.00020329070780023196
643,-0.00010819920384585615,0.0011880094051128483,-0.00015580237215524854
644,-3.4550901717413295e-05,0.001182992148097211,-0.0002471730989218336
645,6.15521673002549e-05,0.0012980541925957157,-0.0003390129734188068
646,-7.469272772090571e-05,0.0011432052195121684,-0.00039511619368898547
647,1.589866403724832e-05,0.0013196210544425676,-0.0004646477971758726
648,-7.256437308755407e-05,0.001138770056386343,-0.00031781036281253525
649,-1.2535868594218838e-05,0.0013105633976668685,-0.00033377852900059584
650,-9.32407544455365e-06,0.0011582878579536621,-0.00026439096590707474
651,1.4776070866559219e-05,0.0012702430018248052,-0.0004033533843377645
652,-7.645845593430995e-05,0.0012446820293190257,-0.00037247270413694644
653,-4.489565785427406e-05,0.0013188392398462345,-0.00030456513986943593
654,-7.95965316780673e-06,0.0010715601116513328,-0.000271612213330743
655,1.714772368125902e-06,0.0013052077866179733,-0.00038337275414302314
656,-2.1654364858455365e-05,0.0013051167716829726,-0.00028669198559418835
657,-9.264253344158287e-06,0.0012781439345357828,-0.0003725639223770407
658,-9.788799532784538e-05,0.0011635540002363895,-0.00021671135861111934
659,-2.2797354863848432e-06,0.0013281662585821216,-0.00027907273386522434
660,-6.676651765014666e-05,0.001087532468400596,-0.00025480852487986546
661,3.189716732727132e-05,0.0013138629920630609,-0.00045165065523524405
662,-9.863659566549613e-06,0.0011767639924702865,-0.0005035837639892094
663,-7.420892317263552e-05,0.001295143893388588,-0.00021349128184099475
664,-2.764710431079633e-05,0.0012631444764280729,-9.850183239696242e-05
665,8.299312245558643e-06,0.0011776882056003966,-0.00043101367963596995
666,9.693670646567238e-06,0.0011578639204110693,-0.0003752298169114255
667,-5.3413207983147304e-05,0.001442518649023236,-0.00038954385439184537
668,-3.35957133208804e-05,0.0011334853709272358,-0.0002323373351816724
669,-2.4485061162114836e-05,0.0013175728394806796,-0.00035633193178240795
670,-4.577957317379348e-05,0.0012400677066524118,-0.0004307637716146658
671,-3.085179267992683e-05,0.0012558583562373997,-0.0005439479437551612
672,-3.979478527700403e-05,0.0012858991588822737,-0.00030523664152817576
673,1.4932654475192398e-05,0.0012024171426245696,-0.0001672773347752612
674,-4.2049564126320564e-05,0.0013219184267618323,-0.00027943619873873406
675,-4.2032918077328116e-05,0.0012292458034882461,-0.0001940441495935015
676,-2.9085308290644475e-05,0.0012981390871625728,-0.00035034985869912815
677,3.184280707572939e-05,0.0011638483757247836,-0.00027523090367600605
678,-6.490466284305804e-05,0.0013584449518935125,-0.0003837506208710504
679,-0.00010257440351225552,0.0011152442048434062,-0.00033897310689992593
680,7.023633442092655e-06,0.0013003935788555602,-0.0004763664691066834
681,-1.7373617915509654e-05,0.0011597130427584697,-0.00018550912833854404
682,-3.8560244163808146e-05,0.0013521482458512077,-0.0003213352948812326
683,6.751932124932296e-05,0.0012323981182115373,-0.00030191689607609587
684,-0.00011208028201423481,0.0010906855717433422,-0.0002660717323558555
685,-4.541984306168278e-05,0.0014541487841563448,-0.00025150907358853166
686,2.0658999635096173e-05,0.0010399750206061104,-0.00041083027257863864
687,-7.011743618951588e-05,0.0013314785688291846,-0.00028103617875721614
688,-3.619098707271147e-05,0.001242898171682072,-0.0004354402000489691
689,-1.0747241435060514e-05,0.0011833838557670849,-0.00013733981952567973
690,-5.792121887301215e-05,0.0012763041657129816,-0.0003655174750544358
691,-2.9559853148226123e-05,0.0012642365816878424,-0.00046534305955791557
692,1.2179210398990097e-05,0.001189714193078484,-0.00021856068427381168
693,-2.9375844006000078e-05,0.001231280808133733,-0.000501015079265633
694,-5.2137520313715676e-05,0.0013207628635076587,-0.00034700955710236273
695,-2.7945073662877726e-06,0.0011979212911116645,-0.0003228008122114044
696,-3.950015042363348e-05,0.0012341736092247057,-0.000430439646728244
697,-2.1967392594272055e-05,0.001217699803960294,-0.00020689746895802275
698,-0.00014067347648047404,0.0012678162038111647,-4.321630105091694e-06
699,5.799358850286889e-05,0.001111937568306195,-0.0002709237372308306
700,-9.949462341738059e-05,0.0012755804653501498,-0.0005184699914471973
701,4.744080216386118e-05,0.001239372262291402,-0.00029293028534916677
702,-5.549832450147167e-05,0.001188626793555248,-0.00039831299920956487
703,3.811477139715211e-05,0.0012599056749414636,-0.00039371015932326305
704,-5.152797281391334e-05,0.0012432594597659994,-0.00030546215549404434
705,3.443161494499651e-05,0.0012140754953913974,-7.32950238908688e-05
706,-0.00013325848820164987,0.0012375958642411554,-0.000526744075738378
707,1.3350547384706892e-05,0.0012232034930744558,-0.0002500068635448717
708,-1.4260062620342641e-05,0.0012968109179800577,-0.0004318136696748342
709,-7.331707652041979e-05,0.0012061756846586053,-0.0002704496063123079
710,-7.397074478559928e-06,0.0013249834097382445,-0.0004207151568162242
711,-4.292550772120894e-05,0.0012122569147929984,-0.0004016563739642052
712,-3.678473038667824e-05,0.0012263144151031346,-0.00019461211927774468
713,9.81854323716354e-06,0.0012147192974045302,-0.0005360971609743716
714,-5.485912478201618e-05,0.0012293005313383095,-0.00028212151214097436
715,-3.5230906053692685e-05,0.0013688463343622477,-0.00031162278825732384
716,-2.7885404837848786e-05,0.0011067329782340379,-0.0002652636626902721
717,-3.7538008832149495e-05,0.0012665742565844075,-0.0002462055862909663
718,7.724307834784783e-05,0.0012931901108535653,-0.0003109200399876647
719,-0.00010070387801820247,0.0012552312451026798,-0.00027676650553390105
720,-4.260485899826902e-05,0.001127787827509942,-0.0003468318050542086
721,-3.8359640969034607e-05,0.0012329083811027674,-0.00039971452250069653
722,-1.3353849908648778e-05,0.0012598245523418475,-0.0004265482962435077
723,-3.0747453992098644e-05,0.0013282615046666937,-0.0002900016748820057
724,-6.931488553487884e-05,0.0011187901600641053,9.421193009879309e-05
725,-7.683567586485339e-05,0.001249507498483375,-6.974131071062174e-05
726,5.935828125014067e-05,0.0011738595456522198,-0.000635676611383002
727,-8.214241156611074e-05,0.0012655759653835415,-0.0001901875099764771
728,2.2960225468960875e-05,0.0013014114419102362,-0.00045556567854147627
729,-9.977224655783503e-05,0.0011759062790479005,-0.00036575235886652255
730,2.1284365551561296e-05,0.0011784189613728302,-0.0002741561941285636
731,-6.169813498102708e-05,0.0011501952063770627,-0.000488780193109663
732,1.8872338045341687e-05,0.0013181607003395492,-0.0005079825968055125
733,-5.1688518005793605e-05,0.0012227146655800151,-0.00023947470536859135
734,-3.7928198229293413e-06,0.0012625633161968315,-0.00040862783942828627
735,-4.222113705627646e-05,0.0011977486510509068,-0.00030551961787344693
736,-1.3299911218962704e-05,0.0012927822071282006,-0.00021764218325784237
737,1.009086868967794e-06,0.0011457393122526632,-0.000321010844275326
738,1.4307557648726614e-05,0.0012348793515797743,-0.0002521421515053622
739,-7.63633139625602e-05,0.001218410109414107,-0.00028680477341983755
740,-4.863406238161012e-05,0.0012118794324823335,-0.0003605574825209809
741,-2.063242178658219e-05,0.0013122386132351368,-0.0004450083869434679
742,-3.228748538756756e-05,0.0011619113756143364,-0.0003061899292484522
743,3.406359073924512e-09,0.0013002489061819265,-0.0003453909616453209
744,-5.736012680631131e-05,0.0011633621467447698,-0.00034155180907458293
745,2.5376374766331164e-05,0.0012972815677381353,-0.0003377634088024442
746,-7.079041635671942e-05,0.0011883711509332432,-0.00014488971198535843
747,-2.3988436220459746e-05,0.0013340567377937394,-0.00034347532139094125
748,-2.375671205175289e-05,0.0011666404262583403,-0.0003183128460613758
749,-4.423492573195355e-05,0.0012732139159689975,-0.0002868305833092667
750,-4.903859940398255e-05,0.001219701678508474,-0.0003305010095655396
751,-2.68913290607103e-05,0.0013239571623654457,-0.0002540325480250421
752,3.7994491049079514e-05,0.0010649168236675044,-0.00040731266042857143
753,-4.081888359081105e-05,0.0013652466540935101,-0.0003411289830640836
754,-6.013560462899231e-05,0.001168204028386622,-0.0003399678176150183
755,-1.3330274157287248e-05,0.0013178365582010025,-0.0004364581597684293
756,-5.21395557658406e-05,0.0011923001988229265,-0.0001593568278827421
757,-4.168773658864691e-05,0.0012202527032175118,-0.00036746856729314434
758,-3.843367911661325e-06,0.0012610572275759593,-0.0002158681830391984
759,-3.799593589782643e-05,0.0012054593068740573,-0.0003503352009276361
760,-2.244022573402027e-05,0.0012797370146990735,-0.0003200980977271919
761,-5.461089412010067e-06,0.0011898304110861378,-0.00030799229971787854
762,-6.145793328038599e-05,0.0012316772748616207,-0.00025352422877343784
763,-9.465876605809371e-05,0.0011270769006102854,-0.0001894313892213373
764,1.1734557612096648e-05,0.001319796412972581,-0.0003266359946931045
765,5.650891117483854e-05,0.0012386977645116222,-0.00043688004169417617
766,-8.270409752130661e-05,0.0012433492207380489,-0.00036155621241137844
767,-1.1923712756824686e-05,0.001193326111135198,-0.00033478245498697295
768,-9.107513656559162e-05,0.0012730041754857072,-0.0002647567185950905
769,3.2570737082114136e-05,0.0011998045202836916,-0.00038809553771802194
770,-5.5425901096893024e-05,0.0011185273639185563,-5.971754016340059e-05
771,-5.890570170023831e-06,0.0013373579802544277,-0.0004023634056120347
772,-2.4908815610357978e-05,0.001313161150178841,-0.0006819332309424564
773,-6.209535189079094e-05,0.001123141827104283,-0.000324563568159802
774,1.594322572777263e-05,0.0013325001122063281,-0.00033780575864884535
775,-1.8829608240629167e-05,0.001144947600509666,-0.00020378884935622662
776,-3.080351875234911e-05,0.0012082444125158412,-0.0003159329596353418
777,-1.3779107362297881e-05,0.0012806013205778517,-0.0002300384905351213
778,-5.118715190591914e-05,0.001199795262983197,-0.00024729861625258533
779,-5.11399406163697e-05,0.001262763174510208,-0.00025696265073281416
780,-4.31303474036214e-05,0.001208380378920079,-0.00019988778397416425
781,-1.6435884880604328e-06,0.001184791011368576,-0.0003310739031751712
782,-8.6502992196365e-05,0.0012248272359337636,-0.00016593885887269852
783,4.015725955633731e-05,0.0012655720079498508,-0.0004450587076456783
784,-3.09426461319552e-05,0.0011989592839203212,-0.000561887392392144
785,9.875130977801492e-06,0.0013033951042257515,-0.0003929038511271209
786,-7.08320550615919e-05,0.0012490397339412732,-0.0001274201886804834
787,3.756072370597112e-05,0.0012832949438633815,-0.00036456218569349473
788,-2.8869938279148483e-05,0.0011875417746171715,-0.000324146141420392
789,-2.706259190272435e-05,0.001372447363210138,-0.0003339149300735271
790,-4.6350848545235814e-05,0.0010878947211937185,-0.0002906814964241643
791,-2.507593965586728e-05,0.0013011416603789956,-0.00038897404881748266
792,-2.8559004923898978e-05,0.0011504488387261414,-0.00020872843376085635
793,-4.593569704855334e-05,0.001330302828207023,-0.00026064582358887754
794,-1.078310271692972e-05,0.0012074474563849816,-0.0002495141409781212
795,-6.714029685753427e-06,0.0012355982581067457,-0.00043316231624226757
796,-5.692384079105674e-05,0.0012471370523287563,-0.00031519406529510963
797,1.0211361133516655e-05,0.0012681699434805383,-0.00023679858337304654
798,5.9318799293757636e-06,0.0012094784008014556,-0.00018135350161028378
799,-7.598050305135605e-05,0.0012851293296266453,-0.0003923443880272943
800,-5.021927759039867e-06,0.0011860418153398558,-0.00042703074612587203
801,-9.133097077487325e-06,0.0012761379223566345,-0.000335824342889167
802,-9.400640543971214e-05,0.0012687780234809454,-0.0003381014578706691
803,4.059281868496797e-05,0.001320166362124416,-0.00027823003044208616
804,-6.59611281004632e-05,0.0011007055217388153,-0.00017091996940112243
805,6.087754335946381e-06,0.0013243719868682529,-0.00016841787323545633
806,-1.7247328237993144e-05,0.0012682653783255373,-0.0007110865851562262
807,-7.22472434364375e-05,0.0012038752626847304,-0.0002106242527088458
808,-1.651972682539088e-05,0.0011902123080494737,-0.00033358218137723584
809,-4.243313217163299e-05,0.0011830344722801663,-0.0003744749581037264
810,-6.278650337315973e-06,0.00134087128273209,-0.000283775246099498
811,-3.45997408405291e-05,0.001226049352729715,-0.00022542191630769021
812,-6.133438289893933e-05,0.0012761238918428397,-0.0002251226743355474
813,-4.083365202512324e-05,0.001085725180186618,-0.0003059239767486843
814,9.756703362976963e-06,0.001271776367004385,-0.00020961547564123573
815,-5.1156654525282324e-05,0.0012371400252362363,-0.00038229263440395564
816,-2.074794383952929e-05,0.001284065269708189,-0.00042027081751772294
817,2.1833415485108442e-07,0.001184674510369592,-0.000336202327821249
818,-7.69751675941073e-05,0.0012398391774336018,-0.00042544664719231537
819,4.1948138692891846e-05,0.0013018400513162087,-0.0003105637574304894
820,-9.45840256623408e-05,0.0011832628728529813,-0.0001287269530782735
821,6.902094217940693e-05,0.0013399606806494158,-0.0003791725013929557
822,-0.00010379647698070329,0.0010845242506738937,-0.00018433105711916425
823,4.5354385623397106e-05,0.0013688333076139144,-0.0005090071681664667
824,-3.3957517154315676e-05,0.001161778108840306,-0.0003286038299842983
825,-6.489632530398946e-05,0.0013670082843933976,-0.0003733718693485898
826,-9.179327322294871e-05,0.0010430301206097944,-0.0003618646873273077
827,6.368009728580947e-05,0.0014165138336390958,-0.00013980080145542284
828,-7.986102946793805e-05,0.001022864725373757,-0.00020834271741287239
829,1.561025299485109e-05,0.001246020730986015,-0.00022391483221607928
830,-5.5330367582990576e-05,0.0012277430587034756,-0.00025656224067158173
831,0.0002138209560301736,0.001314372454530376,-0.00033669672907687964
832,-0.00021967590350621547,0.0011470453578547339,-0.0007348267721221785
833,2.087552556232237e-05,0.0013817130860035937,-0.000413591180096264
834,-7.917985953756944e-06,0.001324645256441769,-0.0006031136420759937
835,-0.000228058356998187,0.001144013822877273,-0.000575484793982836
836,0.00023354036748695294,0.0017329909277786998,2.772589315724453e-05
837,-7.35682676758725e-05,0.0007723680640328773,-0.0004540136796278687
838,0.00013117671420162549,0.0016373094040369684,-0.0008926874509843049
839,-0.00027242621594215515,0.001287936087367778,-0.0001296888680420474
840,-0.00016768714206173715,0.0014473033589743106,0.0003292219445090449
841,0.00013274411866825728,0.0008037528686893026,-0.00032626106630216894
842,-0.0001856716237799731,0.0012466126360819144,0.00023035530230664859
843,-0.00017155311263168413,0.0012414815063262012,-0.00022000402360827044
844,-2.3474081975200116e-05,0.00103054254806069,0.00013304249397467203
845,4.6105834300713354e-05,0.0014133266576206243,-0.00010144131922962631
846,0.00018329448333753294,0.0008851204628911144,-0.0008095946977593399
847,-0.00020748031476261938,0.0012900987062590924,-0.0005314473942862031
848,0.0001615294750189904,0.0013758244456231834,-0.000557876244969785
849,-0.00021926136516294635,0.001211872668756256,-0.0002825080546050594
850,0.00010261383722959658,0.0012471750238806927,-0.0005575404641288655
851,-0.00019574719275781068,0.0011078592076254697,-0.000318760238530249
852,-3.7234535973372566e-05,0.0013464625794737685,-2.9228179135980855e-05
853,4.126141494516562e-05,0.0008756806420425012,-0.00022321545100889605
854,-6.121556116117097e-05,0.00131433132616534,-0.00020217562546214252
855,6.435815851149012e-06,0.0012045565924410913,-0.0004174580642847071
856,-7.193185811115941e-05,0.0010687463759894108,-0.0002687510625759967
857,-4.687236460295369e-06,0.0013830423994978965,-0.00016820213145229507
858,0.00017604783261525962,0.0011158438883848824,-0.0006319064829731467
859,-0.00021316270477961534,0.0011877182670992877,-0.0004453441791687411
860,-5.0990098898104304e-05,0.0015380409431365366,-0.00019717217340713968
861,9.592217464041497e-05,0.0008750514878298163,-0.00041860256927538856
862,-8.54440124227804e-05,0.001315182679085394,-0.0005716152381586186
863,-8.116729863681645e-05,0.0013489194764424537,-0.00010947149229875978
864,-9.802156651947771e-05,0.0011994702134262088,-0.00024543216407375514
865,3.558387402674042e-05,0.001042120067325016,-0.00023394598547139367
866,-9.44178758822095e-05,0.0012634133494559964,-0.00018548771404413425
867,3.492630916414925e-06,0.0012763751311211566,-0.000389318906334993
868,-0.0001149772413750524,0.0009890756083751845,-0.00026442718258759844
869,0.00012156997061357458,0.0014073932026355367,-0.000111977873846711
870,3.534276105763556e-05,0.0011108559147112308,-0.0005979058596438725
871,-9.947484538988744e-05,0.0014305265722900087,-0.00045997932231060335
872,-6.893568243292292e-05,0.0012273002867292354,-0.0003040244400650367
873,5.3159648100535265e-05,0.0010487570822311357,-0.0004527670981379349
874,-0.00024523679904833024,0.0013055736932551913,-0.00019647526035065143
875,7.832341875247124e-05,0.0012637399420388816,-0.00017027010773373058
876,2.6807317988793082e-05,0.000997810042025063,-0.00047231132727604155
877,8.95331095389393e-06,0.0014202435744892167,-0.00043206153718392605
878,-4.7126714147921296e-05,0.0013028501037281918,-0.0003139810317244617
879,-0.00010123015974816452,0.0011261705007780537,-0.00025641210781140024
880,4.226814712350401e-05,0.0012750177100921585,-0.0004978344084082278
881,-0.00022005362647334645,0.0011624488094686743,-6.105163824349536e-05
882,0.00011617855332995664,0.0013397608322674973,-0.00018353176343127806
883,-0.00010059957225782524,0.0008921100130034834,-0.00036692062968976254
884,8.801995428715788e-05,0.0015159792316430526,-0.00038368067919313556
885,-4.4492640852340826e-05,0.001057280563181437,-0.0004415416392841527
886,-5.1016279118711766e-05,0.0014072277837771114,-0.0002495334196122968
887,-0.0002055190310982334,0.0011137983853051316,4.5597057530806593e-07
888,9.415903429246679e-05,0.0011902706475145843,-0.0005377968513361395
889,-1.73460254825003e-05,0.0010846827473640832,-0.00021100629664454255
890,1.775338503511839e-05,0.0015084819435434767,-0.00032486287412789223
891,-0.0002059290767383259,0.0009891102463869543,-6.353472983768044e-05
892,7.690099279325898e-05,0.001205099421394247,-0.0002965262414441317
893,-3.306567135776451e-05,0.0010499570488699235,-0.0003898012881956072
894,4.0862520811764046e-05,0.0013200104402496776,-0.00036392790248862864
895,-9.345585348310025e-05,0.0012771887821827145,-0.0002470908149256807
896,6.16711521896138e-06,0.0011441565094257554,-0.00027185625245098796
897,2.40850710942138e-05,0.0012321904279419277,-0.00038082333937316317
898,-3.8072928399919704e-05,0.0011810682052590653,-0.0003289472663974015
899,0.00017432235830638725,0.0014662666821120625,-0.000649393497277172
900,-0.0002325130970880665,0.0010057480615099285,-0.000376688400133764
901,2.0126186253719835e-05,0.001590430312088265,-8.724716074408963e-05
902,-0.00010020213170757192,0.0008889185724816256,-0.0003456094164362653
903,3.402472680557533e-05,0.0013063565526436668,-0.00030836624594394665
904,-1.5130547403133827e-05,0.0014017620624552439,-0.0005632301846605563
905,-3.507374660605556e-05,0.0011417257266532722,-0.0003858816588815753
906,-0.00010521506294887857,0.0012870938104997706,4.7744930097063016e-05
907,5.458733457454133e-05,0.001195175377158325,-0.00019798423897934348
908,2.0339852040361655e-05,0.0011303346045892213,-0.0005503243706590074
909,-6.69869549876833e-05,0.0013729095697800214,-0.0002988056191478746
910,1.832997529145418e-05,0.0013286866136871314,-0.00048187120151665404
911,-0.00010701182894921275,0.0010605693157535493,-0.0003211817155853391
912,-6.562949189237682e-05,0.0013602541297621233,-1.7138557654621466e-05
913,3.15606485994623e-05,0.0011701061214457328,-0.0001767458087872067
914,-5.16301780835187e-05,0.0011983645518441977,-0.0003849599699229525
915,-2.721396072320796e-06,0.0012952340877362672,-0.0003339124073786566
916,-2.3245788498736205e-05,0.0012089656615705672,-0.0003436327637694878
917,4.053581075976697e-05,0.001234906800580195,-0.0002314211251979685
918,-0.00014611705686816466,0.0012028012971502765,-0.00020550386657972966
919,0.00011431578994400308,0.0013523706156916278,-0.00038442469797430007
920,-9.163232861265672e-05,0.0011077527873754518,-0.0003205695039716002
921,1.2014764474736058e-05,0.0013757198937934792,-0.0004859106485382172
922,-4.656187707818691e-05,0.0011870424636615286,-0.00029458556513477924
923,-0.00011993387004116673,0.0012363434153497752,-0.00021146460457431636
924,0.00011112510865968683,0.0011900861356374847,-0.0003788321125344485
925,-8.040959865166269e-05,0.0012687217071024233,-0.0002583188041134552
926,-3.195919119156779e-05,0.0013374276906917672,-0.00012236688385409877
927,-7.391349766351993e-05,0.0010619781085943881,-0.00022164572676981712
928,-6.2388868250108366e-06,0.0012924979616659078,-0.000380594797178747
929,2.1759004013385894e-06,0.0010974086401334823,-0.00036017222569859693
930,3.338831631689326e-07,0.0014423529959292562,-0.00024803612297709344
931,-7.122939694060639e-05,0.001225620037724421,-0.00017736098260092613
932,4.4611071084535444e-05,0.0011347652438560168,-0.00028056531226116005
933,-8.826412783353562e-05,0.0012193605994332672,-0.00025926687618233173
934,0.0001027650159329657,0.0013155041084544751,-0.00020193936415906948
935,-0.00011127876294940277,0.00119559425336958,-0.00044343790688431756
936,-1.1630310516074374e-05,0.0012985337052345172,-0.00039178904699290406
937,-9.511645014329533e-05,0.0013076766753434522,-0.0003457532355820985
938,-1.1348637082184901e-05,0.0011536496009782102,-0.00022753800798281285
939,4.851802841202185e-05,0.0011806820436801144,-0.00026188168096084684
940,2.3785562994148883e-05,0.0013097246573079379,-0.0005176593987433023
941,-9.332531429847466e-05,0.0012166520935407512,-0.0002355255828641685
942,-4.651131575536295e-05,0.001438389307847374,-0.00034437859436890577
943,-5.076765139766837e-05,0.0010525860412786616,-0.0003059350519931531
944,1.5473408255489703e-06,0.0013163876190530088,-0.00020622138532901322
945,3.8353638081889426e-05,0.0012016482883236803,-0.00027656273645889945
946,-9.438680911081969e-05,0.0012985570005699177,-0.0002854677478411027
947,-1.2149487918228015e-05,0.0011561190011865142,-5.577424568805646e-05
948,3.8828466159103e-05,0.001251872543466181,-0.0006785642198297931
949,-7.900098622256733e-05,0.0012683954636646027,-6.376120638954528e-05
950,7.071242454011551e-06,0.0013742924750270735,-0.0005939475729296291
951,3.147594606098555e-06,0.001080421531586036,-0.00032217613525153087
952,-8.472317687675456e-05,0.0013598157850387687,-6.523601760108886e-05
953,-6.143366099087713e-06,0.0011576960676705353,-0.00021546707421593898
954,-2.9846956508387434e-05,0.0012168062098281568,-0.00035596716002558697
955,-2.693302207502812e-05,0.001216846126122732,-5.0377688299032945e-05
956,-4.115354641194671e-05,0.0012484290539625017,-0.00038560778491767995
957,3.230541895292488e-05,0.0011025690796681049,-0.0003568426363355207
958,-5.172289420848042e-05,0.001434439952735682,-0.0004231242214564078
959,8.047377343839567e-05,0.0012093211274053445,-0.00045599371728328244
960,-0.00014955539451467985,0.0012866945122857905,-0.000257848921037113
961,7.579878611497224e-05,0.001289818076083797,-0.000481401146430363
962,4.646266602430431e-05,0.0011542454722839202,-0.0005756399716123429
963,-0.00018636266951713873,0.001313527776880893,-9.474742582085645e-05
964,9.474273425984576e-05,0.001336391397290847,-0.0005966079013714793
965,-0.00011373021538695587,0.0010094798662747002,-0.00013665782466246352
966,2.064979314505068e-05,0.0014825367146804047,-7.735685689622747e-05
967,-2.6264110257757397e-05,0.0010942290269014797,-0.00018312201780085527
968,-3.158319245398742e-05,0.0013170673410626782,-0.00014452821409391677
969,-2.3912606377018415e-05,0.0012116043795698359,-0.0003649197898488095
970,1.9818249515262244e-05,0.0012762837939114785,-0.000473996083699711
971,3.7822307726763354e-05,0.0012569067535725448,-0.0005113526438552806
972,-9.34470109690309e-05,0.0013179290991528036,-0.00041366834933895404
973,4.9615144561159035e-05,0.001331537258629514,-0.00021005572841592245
974,-0.00012630033629083603,0.001234707400944614,-0.00016628030229983988
975,2.8606506770005646e-05,0.0013619892886918446,-0.0002647972461769549
976,-7.699574108420923e-05,0.001117392263287342,-0.00010191150533072707
977,1.6932649747477043e-05,0.0012886979526783632,-0.00029415216036030945
978,-0.00010598654903135299,0.0011583209804613482,-0.00023907138955671776
979,8.607110679960393e-06,0.0012413839962095645,-0.0004337331873322999
980,5.766631945559767e-06,0.001289747107842638,-0.0002436367554619945
981,-6.874341090154544e-05,0.0012197548506837155,-0.00024203637192365417
982,7.497259485712745e-05,0.001329726967820176,-0.0005514179407259646
983,-0.00012475461189440128,0.001138279208968139,-0.00018874305515869175
984,-1.1406200966770435e-05,0.0014283251681638791,-0.00026047587934798953
985,-6.86443258605571e-05,0.0009835053506258471,-9.778652133007903e-05
986,4.8517197739513155e-05,0.0013597245497557536,-0.00029227282803657626
987,7.6173090300587e-06,0.0011662794798641017,-0.0006329428769716542
988,-1.1239577442184021e-05,0.0014310357939321364,-0.0001148493182575646
989,3.6939558862946704e-05,0.0012181864277811148,-0.0005234287889356027
990,-0.00011260329088756678,0.0011823804660462457,-0.00022222649704235634
991,1.1837170626062032e-05,0.0014046213663028583,-0.00018111117371905197
992,-9.697221227445663e-05,0.001135138889614821,-0.00030162204350460897
993,5.237294441727967e-05,0.001270826838817949,0.00011641717826597236
994,-4.9568845069195675e-05,0.0012819267919812719,-0.0005518530411264029
995,-7.82322945568614e-06,0.001078588802917285,-0.00044142408195452546
996,5.889309290920895e-05,0.0014150153606019584,-0.0003347508886608485
997,-0.00011139066774180377,0.0011520477633306019,-0.0002504200020039872
998,0.00013145385932390833,0.0013411883877909405,-0.0003933243063647066
999,-0.00014760539192823,0.0011927994806855827,-0.0003631921538449511
1000,-6.981298381359359e-06,0.0014088673604515265,-0.00021179197654274016
1001,-0.00013921022674546202,0.0010810810241771971,-0.0003294706191248304
1002,-1.249745372579062e-05,0.0012507165407410845,9.523656539367194e-06
1003,2.670489595020604e-05,0.0012012295339585127,-0.0004966555102839608
1004,-7.982903279540033e-05,0.0010929740882589774,-1.748037885265514e-05
1005,6.705839184153725e-05,0.001421048239133139,-0.0003814519019701276
1006,-7.42139178789476e-05,0.0010181076780995508,-0.0003627917850543389
1007,5.837672111887766e-05,0.001474801746397566,-0.0001444237647847058
1008,-2.1300712714796407e-05,0.0010670342970757652,-0.0004920449053928482
1009,3.949044277572692e-05,0.0013362234829332464,-0.0005149402217748185
1010,-9.576046878855721e-05,0.0012191987521680656,-0.00012117370545951852
1011,-5.925556850525401e-05,0.0013015717814946887,-0.0002814843132866011
1012,3.036339592149973e-05,0.0010929789573305695,-0.0002036046684369406
1013,-6.159179795208962e-05,0.001287504342393521,-0.00027740272022591146
1014,-9.87389030219924e-07,0.0013503965691170846,-0.0003712235033060207
1015,-1.4328342093549542e-06,0.0011555931618437898,-0.00029038629844765614
1016,-4.0893036157183004e-05,0.0013028963154077936,-0.0002320624712198263
1017,-8.626367517011191e-05,0.001165656378405654,-0.00025956193084733937
1018,5.07057767950593e-05,0.0013117383466401179,-0.000291551979416316
1019,-2.5183046262032826e-05,0.0010861372178534226,-0.00037755270249638416
1020,-2.8512783606677952e-05,0.0013989288400941232,-0.0003969238217225206
1021,1.4353871163939126e-05,0.0012080089502822591,-0.0002489882267429981
1022,-0.00010422440108168742,0.0011936325411822336,-9.749044312052296e-05
1023,3.105424170565257e-05,0.0013538803614122515,-0.0004330274971596368
1024,-6.69965080785321e-05,0.001090334041722002,-0.00014214283466347424
1025,-2.8268720674069403e-05,0.0012737110135580124,-0.0003638967415893727
1026,5.3575119240082626e-05,0.0012825904907625128,-0.00043777893241420893
1027,-9.955006720878708e-06,0.0012829994075331415,-0.0003141886344888799
1028,-1.2527765617631429e-05,0.0011992846772214177,-0.00018735986456080094
1029,-9.413724598589297e-05,0.001242289634434983,-0.00047465497864731675
1030,7.079766577160888e-05,0.001175832284765947,-0.00036449512205810126
1031,-5.7465854303258004e-05,0.0011964509173325929,-3.2828284342366484e-05
1032,-4.7133713072928515e-05,0.001391469200309519,-4.367426525356315e-05
1033,5.7637100939222e-05,0.0011661531204654758,-0.000274061657832075
1034,-6.87627661051054e-05,0.0012088633262723812,-0.0002514570677622487
1035,7.60103608222952e-05,0.0012706818204297986,-0.0005238976802827752
1036,-1.7817620854693467e-05,0.001211795809112232,-0.00043662364244608973
1037,-1.7341886119170094e-05,0.0013470832998229642,-0.0004528190622829795
1038,-0.0001223630819377666,0.001257126935653055,3.631105259903832e-05
1039,3.64197242598046e-05,0.0012752218320118912,-0.00016788644880272611
1040,-4.824334506524901e-05,0.0010762863786847347,-0.0003320118560646566
1041,-1.659233163231785e-05,0.001384125171747827,-0.0005313086101460276
1042,-3.511082939536468e-05,0.001235550418884222,-0.00018405279594256515
1043,-5.8219793308965014e-05,0.0012676816413965163,-6.078932318155319e-05
