,cad_rolling_Self_Attention_pred,aud_rolling_Self_Attention_pred,gbp_rolling_Self_Attention_pred
0,0.00012282989713227244,-0.0016292302760334465,-0.00022862923517767353
1,0.00015391129415009912,-0.0016197236666337111,-0.0005632452590140333
2,7.586105458786339e-05,-0.0016196113866380841,-0.0004863933120088247
3,-2.8926212701797304e-05,-0.001619057325319488,-0.00024237768411161352
4,-4.761665526058823e-05,-0.001618256207230381,-0.00025862308631654303
5,2.4329155251165402e-05,-0.0016159797161305466,-0.0007117448816875029
6,8.601216706605956e-07,-0.0016150927825712132,-0.0006542289834405767
7,3.3126881650960715e-05,-0.0016144220290878984,-0.00031897339519195724
8,0.00010107186860226029,-0.0016133090359478387,-0.00021685089755102996
9,0.0001423729865706165,-0.0016128308163829974,-0.000344635245560455
10,0.00010217839289078495,-0.0016126381220502822,-0.00026994911805527596
11,0.00018253596918152816,-0.0016127499483128901,-0.0006872379729733367
12,3.4048433392019304e-05,-0.0016116744272859566,0.0003880044659421169
13,0.00030885779036177906,-0.0016254471817797821,-0.0008296210050794482
14,0.00038457628598054016,-0.0016250872346875234,-0.0003395557515550435
15,0.0004149752146504039,-0.001624821178506352,-0.00046745321664385606
16,0.00027686071385614003,-0.0016241968947666597,-0.00037319888538200067
17,0.00033244982792738227,-0.001624926425896848,-0.0005069318480549784
18,2.5078192485049742e-05,-0.0016240795303009,-0.00039540450865866485
19,4.435572625051933e-06,-0.0016244653466139986,-0.0006772938283729334
20,5.950515351754986e-05,-0.001624103507779114,-0.0006349192832819232
21,0.00010567314516097542,-0.0016244454566676017,-0.0005267432679218608
22,9.706320455404439e-05,-0.0016231706189376637,-0.00021087386470895986
23,0.00020106868790184851,-0.0016092667018389453,-0.0002142192561603525
24,0.00015441435333876443,-0.001608480111354136,-0.0006684247340401845
25,9.599042487996562e-05,-0.001608083321875499,-0.0004508019471831739
26,0.00018561516552029742,-0.0016083609881852945,-0.00042233287634662226
27,0.0003708577860687799,-0.0016087978049352085,-0.0002426706008530676
28,0.00031255152720181605,-0.0016085333443861287,-0.00022718022855218185
29,0.0003390404651913713,-0.0016059401283273675,-0.0004842741860513725
30,0.00027908676996071807,-0.0016052580233651386,-0.00041575441745241715
31,0.00020952091715185952,-0.0016057771397231947,-0.000348420451551071
32,0.00011071549216746886,-0.0016054570631495292,-0.0005045615240254304
33,0.00016315427475009723,-0.0016047967377700561,-0.000348972615776765
34,0.0001463121829571882,-0.0016053859176322913,-0.0003171772426327704
35,0.00023289368177389702,-0.00160576604553991,-0.0005238058526568969
36,0.0002542287394452474,-0.0016061380490395038,-0.00022178987520214178
37,0.00028923924061059937,-0.0016063704178291853,-0.00037088410706046784
38,0.00029935067329461075,-0.0016056168792573187,-0.0004399615983569972
39,0.0002543026533623163,-0.0016053136328324123,-0.0001751906339825243
40,0.00021776471658033067,-0.0016081734129819898,-0.0006617044082942728
41,0.0002926882599140005,-0.0016079033106216262,-0.0004217928742373249
42,0.0003732629135171331,-0.0016078024171136405,-0.0004739840711415516
43,0.00037499894790599716,-0.0016074968961436538,-0.0004937215352322755
44,0.0004948237059077566,-0.001644624853276835,-0.0002376769519929729
45,0.000492777942190511,-0.0016441957470581929,-0.00020311234628062345
46,0.00044097366928351586,-0.001644415897389713,-0.0003764253854668593
47,0.00032413517883440066,-0.0016444645428187626,-0.0003491953370344665
48,0.0003752105661933156,-0.0016457783282502066,-0.00038195603251742135
49,0.000332699801845247,-0.0016460074799257039,-0.00032281588736881943
50,0.0003069473707806992,-0.0016455071745566324,-0.0002921411865382721
51,0.00025003231833800013,-0.001645190186911453,-0.00024581666337263964
52,0.00028054644148710513,-0.0016455970477716234,-0.0005271571071472202
53,3.961674095830202e-05,-0.0016436115477066087,-0.0001385609407276847
54,3.37831712403773e-05,-0.0016208422420705988,-0.0003679098966412914
55,0.00010543048240935985,-0.0016206185669347354,-0.0004760366203661834
56,0.00012769973368239942,-0.0016203819637497627,-0.0005918319563926633
57,9.52418383149457e-05,-0.0016206608320881715,-0.0003385523735914245
58,0.00023973506674895107,-0.001609796378064255,-0.0005164460627354058
59,0.0002481172023615527,-0.0016163094603941577,-0.0004204513387921524
60,0.00024118273980411337,-0.0016159821570173169,-0.0005658428568372739
61,0.00023989100878111868,-0.0016156399664565167,-0.0003281599367778965
62,0.0002482601568739181,-0.0016156321731800192,-0.0006350415072003804
63,0.00021626701059089223,-0.0016155011749323476,-0.0003922861626977183
64,0.00020897075673474686,-0.0016156212596426139,-0.0002664225745280759
65,0.000159578257208654,-0.0016155963107474674,-0.00024652421899972246
66,0.0002222911677196107,-0.0016156564706427895,-0.00048764932576498784
67,0.00023447583797533904,-0.0016157843645601257,-0.0004962211033525314
68,0.00032116777975828195,-0.0016158807826822724,-0.0003195216446424577
69,0.00028531267624246526,-0.001610675627450597,-0.00042136940400948873
70,0.0003008011745518084,-0.0016140753089359562,-0.0004990219291890956
71,0.0001649310374606422,-0.0016139504759276862,-0.0002283096812118193
72,0.000144923331059776,-0.0016136832808249907,-0.00023769570089404921
73,4.3308865447128194e-05,-0.001613468110612567,-0.0003066283120975033
74,0.00013663892333406834,-0.0016124943607125854,-0.0005031752423127198
75,0.0001433486291448894,-0.0016122933493453759,-0.0004519369722923579
76,0.00020859961635042443,-0.0016121992902569545,-0.00039183342399143415
77,0.0002727799305233332,-0.0016123809463914885,3.9713590512962995e-05
78,0.00043936582108822426,-0.0016230626146560806,-0.0007129432456557754
79,0.00035260632965680846,-0.0016230631838381046,-0.0005275960742977475
80,0.00038175266983820266,-0.0016228838028197758,-0.0005914543089975883
81,0.00039353661607412606,-0.0016223594056948246,-0.0006050729008046136
82,0.00039903915003589263,-0.0016230794414448374,-0.0002668205383858361
83,0.00034275364433624625,-0.0016238117076081472,-0.00042139061371294624
84,0.00037056627377672494,-0.0016237090168541583,-0.0003126271189410929
85,0.00036189805053988205,-0.001623196302820161,-0.0003654843793273972
86,0.0003861690727994692,-0.001622611279485218,-0.0006031825171301066
87,0.0003434134399171561,-0.001622135421054573,-0.00032300372363929875
88,0.00032100652494065375,-0.0016508015111210278,-0.0005663771721533067
89,0.0003241673064038798,-0.001651077107039827,-0.0002597869356848961
90,0.0002127945770307944,-0.001650693886825009,-0.00026023355057913677
91,0.00022472381864894401,-0.0016514589974905378,-0.0005209886286043843
92,0.00022467911451126856,-0.0016519916719505896,-0.000389202937350284
93,0.00014641706832229596,-0.001651505339936844,-0.0004221147756688044
94,0.00016690944628313818,-0.0016512012830790866,-0.0004743516876173528
95,0.00027205649842545034,-0.0016507020553282316,-0.000301202983590674
96,0.00016251696518909317,-0.001650309173442068,-0.00033338485322253195
97,0.00011188864234527885,-0.0016504129844054877,-0.00031672500119805876
98,0.00016644702619096827,-0.0016124745828338754,-0.00027471145161771503
99,0.00012978343639342692,-0.0016128755913215511,-0.0004929839769713737
100,3.160932583317246e-05,-0.0016122471081497082,-0.0002491528540197283
101,9.463475822388169e-05,-0.0016118938643732035,-0.0005372810138272853
102,0.00012755788147664172,-0.0015959147851850827,-0.000501735823971419
103,3.374598742488796e-05,-0.0015953351349951173,-0.00035186099555040005
104,0.00010698603587018754,-0.0016151710334398447,-0.00045246866942535215
105,0.00015606930709529567,-0.0016155657931677188,-0.0005406373023048349
106,0.00017168466823764032,-0.001615670880996843,-0.00017859081161767103
107,0.0001684274662297988,-0.0016155378740654494,-0.00026062812034477885
108,0.0003077846891233177,-0.00161570184350281,-0.00024488007578203104
109,0.00024586654441039233,-0.0016205800840302905,-0.0003558799965361428
110,0.00025325437796029323,-0.0016187140030670694,-0.0004219120459833435
111,0.00023756226258260946,-0.0016178974198260544,-0.00038009310998279026
112,0.00021523326440098521,-0.0016177220648784056,-0.0003926096754658487
113,0.00022513921203585945,-0.0016171138110598101,-0.000310545044755655
114,0.00021102188932172614,-0.0016176610003037686,-0.0004347619357495484
115,0.00020299102103948897,-0.001617924765421194,-0.0007548401590997989
116,7.717166218405405e-05,-0.0016179805034779297,-0.00039965290409687946
117,1.4998843680745848e-05,-0.0016188314409586286,-4.135860005106208e-05
118,-2.9615205536971178e-05,-0.0016184344658309786,-0.00023191377287996168
119,-9.370139079215812e-06,-0.0015989167047231545,-0.0002176379197568397
120,-2.165316323931939e-05,-0.0015981984471420854,-0.0003480775694149153
121,0.00011879967515924105,-0.0015986390170126819,-0.0005408284169615305
122,0.00024525406160148436,-0.001598947614372241,-0.0005363960011067148
123,0.00030224851811541675,-0.0016031006649359475,-0.00021931196547640965
124,0.00018749181312864138,-0.0016032743715137046,-0.0002942769147863973
125,0.0002703219491727436,-0.0016026126387057012,-0.00024281567902785552
126,0.00024523810774963755,-0.0016024201028673136,-0.0003530053917681848
127,0.00015236582109470886,-0.001602476007131222,-0.0003006658323484814
128,-6.34742008982626e-05,-0.0016016322481560029,-0.00030042038860590367
129,-1.0984207363251287e-06,-0.0016009418160438358,-0.00042205616734830934
130,-7.266986781004175e-05,-0.0016009700546795976,-0.0005478380580560542
131,-9.721273963619102e-06,-0.0016013129359347571,-0.0007166735619808239
132,-3.3091303244518735e-05,-0.0016165264815304033,-0.0004891181496985376
133,0.00014111006170081688,-0.0016166428834242111,-0.0003407348795991283
134,0.0001960415004083323,-0.00161674171820362,-0.0002566869369794534
135,0.00013747923337203616,-0.001616438250970588,-0.00045305134088777287
136,0.00010720354274225841,-0.0016164613485827655,-0.00034848653625307744
137,0.00020141137736896396,-0.0016161073387794067,-0.0003914721076179777
138,1.881226625657627e-05,-0.0016153649937393035,-0.0002466110877491273
139,-3.0211492308510777e-05,-0.0016149116234006758,-0.00022029270991280023
140,-6.508926654233292e-06,-0.0016134645391608945,-0.0001529997990704885
141,3.0146772702343193e-05,-0.0016139147563469737,-0.0005897627579617026
142,-6.176210377564235e-05,-0.0015991261329761635,-0.0005388791900580318
143,8.063402853853609e-05,-0.0015982232757176344,-0.0005039756412227003
144,9.39806053804074e-05,-0.0015983296947283654,-0.0005026826205132656
145,0.00011829040912115896,-0.0016041006154282388,-0.00023484016328676477
146,4.0277472124798154e-05,-0.0016040584323156915,-0.0002762420111020583
147,0.00010646199875837053,-0.0016039212180384097,-0.00036217948156133146
148,6.604661152235323e-05,-0.0016028166512787306,-0.00021475525750192404
149,0.0001895861964908568,-0.0016033683920373594,-0.0005605003782246645
150,0.00012193344554436414,-0.0016028488057906426,-0.00030409029511820464
151,0.00019564734038390131,-0.0016024857735504354,-0.0003191853659789068
152,0.0002613689323146181,-0.001602100471440549,-0.0005138700660351769
153,0.00035709485663982843,-0.0016017539570542263,-0.00038533770487733833
154,0.00026298329532403356,-0.0016024963686782404,-0.0006026697452362355
155,0.000449896840959985,-0.001600923142388414,-0.0005120301558767823
156,0.00043294373134509937,-0.0016014620786964713,-0.0002435271785414767
157,0.00035751851030074787,-0.001601219027123566,-0.00030811502605269833
158,0.00035691360527360374,-0.0016013622736245905,-0.0001783310673862513
159,0.00038572845629514637,-0.0016003418100833857,-0.000311405727490161
160,0.0002567212740769958,-0.00159995417212707,-0.000262489816814273
161,0.00027066649688067487,-0.0016049029792215026,-0.00042485737247255156
162,0.0003171966615230503,-0.0016056704168688478,-0.0004929638074566025
163,0.00014552650081887676,-0.001604543454477468,-0.00023380224779511426
164,0.0001636865710113685,-0.0016051015253184249,-0.00033964630250733893
165,0.00013101132442427097,-0.0016048617456104412,-0.00025810316878659986
166,5.962810779166529e-05,-0.0016050051902133894,-0.0002546713168281276
167,2.7321001288798866e-05,-0.0016053629227799596,-0.0005053232801490063
168,0.00016109940057727634,-0.0016049196118077718,-0.00035353296418015346
169,6.317320216212625e-05,-0.001604980450178658,-0.00031644053182066165
170,0.0001219418940815907,-0.0016046359442292595,-0.00019066286438832928
171,0.00017534185834705503,-0.0016034337985478234,-0.00027361204101940007
172,0.000178492507085351,-0.001603594678916814,-0.0004690783400474244
173,0.00029476363001898953,-0.0016068819336658646,-0.00043981530251589377
174,0.00018732952033028683,-0.0016065543193073972,-0.0004473303375179894
175,0.00013875109943786297,-0.0016062261496229053,-0.00036567324210373003
176,0.00013080472566043448,-0.0016066872114756934,-0.00040811809559306825
177,8.361537195308386e-05,-0.0016059924670603115,-0.00022197706981218822
178,-0.00017782632698671832,-0.0016054098660302025,-0.00042398453371584135
179,-0.00015003411455383908,-0.0016045157810776823,-0.00035354619571856846
180,-1.8696846344037562e-05,-0.001604632834269081,-0.00031427465928087937
181,-8.809644034107996e-05,-0.0016049034722596454,-0.0006098377144181575
182,3.425426631957887e-05,-0.0016054361980943988,-0.0002676796210876037
183,0.00017449679152813804,-0.0015995307028911665,-0.0006384889120083069
184,0.0002792750977001235,-0.001599480573737279,-0.00016383849840274933
185,0.0002651692688251684,-0.0015995941668467105,-0.00020804771676483297
186,0.0004184893459745712,-0.001605989805837433,-0.0008071574009852892
187,0.0003389712476555008,-0.001605379108458086,-0.000496183110408925
188,0.00038281838682805157,-0.0016051003009106403,-0.0005783680045841168
189,0.0003984303012251485,-0.0016352565845717502,-0.00030022187135848703
190,0.0003828110331691323,-0.0016344715257148243,-0.00045254188656247924
191,0.00031103410947984307,-0.001634629945671034,-0.00042053435445045886
192,0.00028175755470391496,-0.0016349532641713109,-0.0003433327875689124
193,0.00038677981881687565,-0.0016356776669353048,-0.0004355642499334117
194,0.0003302089045393727,-0.0016354616787877462,-0.0001461867856755514
195,0.00036005871586343907,-0.0016357789339264853,-0.0003827429257978036
196,0.0003679632457877877,-0.00163606028792683,-0.0004956246689282063
197,0.0003737332232772899,-0.0016364018970932664,-0.00029632365763835266
198,0.00022503080996710189,-0.0016358695565058688,-0.00024315316607613634
199,0.00036783528884994494,-0.0016217229139664428,-0.00042155690387240814
200,0.0002898516995420915,-0.0016221338007243776,-0.0002528421259790262
201,0.00026886913078357915,-0.0016224827333599047,-0.00010791414242282624
202,0.00025466565148345806,-0.001622139922110021,-0.0002095819462386002
203,0.00020882156628553866,-0.0016217077215018934,-0.00030294557789926197
204,0.00013388170190409182,-0.0016210212201982223,-0.000381604682345416
205,0.00015961097037539673,-0.0016198065906689028,-0.0004681456624486529
206,0.0001928192389863548,-0.0016199307525298552,-0.0005118087942306893
207,0.00023277340651487973,-0.00162005451731237,-0.00048767967846484114
208,0.00023321537050366008,-0.0016198959801370747,-0.00031557800137486437
209,0.0002381581247573866,-0.0016014483064217717,-0.00039127136358270713
210,0.00038755311604574637,-0.0016150932293857187,-0.0002255602784972888
211,0.0003555442053133792,-0.0016154823706136284,-0.00030747718541111735
212,0.0003815474517166837,-0.0016153809745383517,-0.0004665899228151098
213,0.0005585905189386749,-0.0016226134628071554,-0.0001171747328312718
214,0.000588153715861687,-0.0016233360446695094,-0.000587191137377876
215,0.00040612431325852985,-0.0016231656491551255,-0.00039175621826715006
216,0.00041086525077212437,-0.0016231537545363381,-0.00019842774031482004
217,0.00043678947233933305,-0.0016241210804039845,-0.00030919302972414885
218,0.00029194129119949826,-0.0016238432713655872,-0.0004325298492648161
219,0.00018559218844446974,-0.0016233964439822657,-0.0007042009449802441
220,0.0001795980886228844,-0.0016242974535225956,-0.00029233738462329333
221,9.489213827010444e-05,-0.0016236723962720545,-0.00013336161596790328
222,0.00011151390455502911,-0.0016243950157703924,-0.0002945379769022799
223,8.628125737266499e-05,-0.0016191912538708842,-0.00038691731957042033
224,9.699352668179385e-05,-0.0016191635213479612,-0.00036608495655636973
225,0.00014562884732754818,-0.0016196790137614323,-0.00033870745895332125
226,0.0002508213557704588,-0.0016202550668314218,-0.0005011757124385824
227,0.00017582842033012712,-0.0016201619898006756,-0.0002600962169801539
228,0.0002587946516965955,-0.001620731076145549,-0.00039321387535319515
229,0.00029706032861247277,-0.0016209404011901856,-0.000349383555818053
230,0.00030390228378334875,-0.0016124476828628838,-0.0003354125451543637
231,0.00031034475555351325,-0.0016124870426535718,-0.00040761734872852857
232,0.0002695805529856726,-0.0016102809463265334,-0.0004084543422760914
233,0.00015596292843299189,-0.0016098642507382337,-0.00028714687819344413
234,0.00018175314807113139,-0.0016098914861781056,-0.0004815078770633321
235,0.0001687564010517809,-0.0016100032660641172,-0.00039117597466059687
236,0.0001710232805152859,-0.0016103243455331746,-0.00046771386920211103
237,0.0002589188682192657,-0.0016105241873665683,-0.0003927590905959159
238,0.00038944905761772525,-0.0016014105953449519,-0.0002723198021707954
239,0.0004008870338765182,-0.001601392649067362,-0.00026539084592570666
240,0.00019443738154698104,-0.0016004795472405367,-0.0005669374601209877
241,0.0001260117768161959,-0.0016008012581305484,-0.0004732042861655991
242,9.364382622070455e-05,-0.0016005541568279824,-0.0005190264708057705
243,0.0001427239535617274,-0.0016103269026031303,-0.0004633625248304634
244,0.00017960508848550888,-0.0016166294673248126,-0.00015276970584994566
245,0.00038673746853362396,-0.001616283206994276,-0.0004848687202962219
246,0.00040488643853678737,-0.0016158827908549754,-0.00037272314164486363
247,0.0004006573482210684,-0.0016151675738947599,-0.00032743668219770345
248,0.0002523427472682165,-0.0016142955503937737,-0.00016518416621452275
249,0.00016564712577477292,-0.0016137038257068223,-0.0003094813155966947
250,0.0002385917186984404,-0.0016140761095287618,-0.0005567490886915679
251,0.00022700577670410347,-0.0016135902896639472,-0.00025981295232299694
252,0.00023653494529823153,-0.0016135476050719525,-0.0004068085420175802
253,0.00024139806754377782,-0.0016135486523932217,-0.00035136126605887053
254,0.00016357573604083785,-0.001595020071118696,-0.00031170385473692645
255,7.726982234279253e-05,-0.0015947847546956566,-0.00044641156510228703
256,8.864834019184869e-05,-0.0015946711293532525,-0.0003378916756474727
257,2.851540709458375e-05,-0.001594424839888358,-0.0003503988062661512
258,4.2802289790245336e-05,-0.001593941334227667,-0.0003253674453289119
259,5.278414708266224e-05,-0.001593850053492687,-0.00031287660541902596
260,7.249023351167174e-05,-0.0015835586804815005,-0.0003202897008449797
261,4.215868659990371e-05,-0.0015851217799154888,-0.0004771813175304001
262,4.9505503944095514e-05,-0.0015849280282158454,-0.00032896938832618775
263,0.00010430408075910829,-0.0015847241963722562,-0.0006017780352106767
264,0.00014197560567359873,-0.0015843254900617307,-0.0003645020950373098
265,6.473578395337923e-05,-0.0015839425530888862,-0.0003609330230523448
266,9.654602139673338e-05,-0.001593549017072376,-0.00041606213870751013
267,0.00017776579598355322,-0.0015933418288077126,-0.0003858746786576699
268,0.00023618635977747048,-0.0015930359861428935,-0.0004273351872203782
269,0.0002571599221768788,-0.0015921822914553925,-0.0002871964311057342
270,0.0002753078021870243,-0.001591559124598869,-6.987537522848571e-05
271,0.0002358565584162512,-0.0015909154692606083,-0.00037997913038603597
272,0.00019460696898224568,-0.0015909689531538147,-0.0005335500682801938
273,0.00010993787872417117,-0.0015908677564722275,-0.0005018277028596877
274,0.00012153904109619522,-0.001590320496389305,-0.0004711916111405451
275,0.0002591267696476024,-0.0015903716648977334,-0.0005180478278437874
276,0.00024063684237353618,-0.001587731960503364,-0.00022503979560871184
277,0.00021100708504778604,-0.0015868321095833676,-0.0004704397571193686
278,0.0001384524952347869,-0.0015860774996845474,-0.00013713725292618717
279,0.0001842860716737636,-0.0015958251033214687,-0.0007224949114146216
280,4.708422919217311e-05,-0.001594358522449418,-0.0005244390486305422
281,0.00011982321535097141,-0.0015939858647739651,-0.0005882040064492844
282,0.0001441222134400065,-0.0015943934013225932,-0.00030916699265483706
283,0.00019402268092111303,-0.0015946650507301647,-0.000230887253438895
284,0.00011741203554259282,-0.0015946138146574627,-0.0002917783597506711
285,0.00033943936515436955,-0.0016328328906396847,-0.0006227113568422933
286,0.0004312443301146853,-0.0016333227682967207,-0.0006104980485659947
287,0.000386970537779428,-0.0016328766723808276,-0.0002474141097727531
288,0.0004875708071055362,-0.0016335505764298167,-0.0002935246992576395
289,0.0005713165095191855,-0.0016342218272159985,-5.8951280615742664e-05
290,0.0003846197356535506,-0.0016337652168245838,-0.00034689957062416805
291,0.0002651210205183567,-0.0016330995062137266,-0.00025802162412328885
292,0.00032592629218606824,-0.0016331401474576012,-0.0002053387841117066
293,0.0001511888881809041,-0.0016322362367206735,-0.0002189223503042089
294,0.00010318647334394935,-0.0016309278212193491,-0.0002722356592713624
295,0.0001934582678667767,-0.0016198137058153438,-0.0006424608609963642
296,0.00021120737458565667,-0.0016198340951003923,-0.0005196593410451466
297,0.00028291843679421186,-0.0016203271721938121,-0.0004326556549783424
298,0.00044077279729249453,-0.0016189915140387696,-0.0004626488040406142
299,0.00045511564597586364,-0.0016184397476437038,-0.00018116413317350742
300,0.0003124267097610879,-0.0016182430688896617,-0.0002903244309430092
301,0.00035315521897476114,-0.0016179018699738206,-0.0003414091461928243
302,0.00035640379958126603,-0.0016184526581091447,-0.000420877627780213
303,0.00035466913592118,-0.0016188323831130551,-0.0005663950007929787
304,0.00035788027382027427,-0.0016189545202574599,-0.00020261239273274673
305,0.000476075846245888,-0.0016187503062440444,-0.00018963528397479277
306,0.000500688553110965,-0.0016187613698478017,-0.0001795747283020381
307,0.0003242489015136997,-0.0016178076967748643,-0.0002628866881551476
308,0.0003028064193634509,-0.001610759648436742,-0.00043292663101245684
309,0.00028317016300247964,-0.0016112006427071491,-0.000558367054106113
310,0.0001523802238687761,-0.0016101807054714635,-0.0003058592238809469
311,0.0001059442312085368,-0.0016096571804515355,-0.00027481283897291754
312,0.0003112275040392636,-0.0015942796153305616,-0.000286579126023694
313,0.00026666046359222954,-0.0015941804611912913,-0.000398803888972661
314,0.0003768698156442426,-0.001617389421566067,-0.0004939462385813319
315,0.0005056565635048828,-0.0016219653833772442,-0.000405443818326456
316,0.00045329633580307703,-0.0016216648158366514,-0.0002602806615699628
317,0.000328019969226022,-0.0016219974888406763,-0.00043127448791180367
318,0.00017288324155376986,-0.0016208668645384214,-0.00017618427043259425
319,0.00011134695604888352,-0.0016220598164055496,-0.0005528868710297783
320,2.733223889651992e-05,-0.001621674151493597,-0.00040534643159361155
321,-6.233603057550641e-06,-0.001620917669733365,-0.0002874330815562074
322,4.470184239118774e-05,-0.0016215956441651405,-0.0006049547667729689
323,0.0002450174491183461,-0.001621932957891711,-0.00047286246899009513
324,0.00017134111371557438,-0.0016214995946969902,-0.0004250588492898022
325,0.00022374821015611315,-0.001615046733267341,-0.0002822972312929139
326,0.00029600947867031635,-0.0016151776872692259,-0.00016937185140777377
327,0.0001439265695350448,-0.0016146086930085282,-0.0002609931226524708
328,7.390826155655677e-05,-0.0016141088771723649,-0.0003080189054342041
329,9.60269758757537e-05,-0.0016133046340477773,-0.0005011857987045392
330,0.00011523585304438314,-0.0016126738682171583,-0.0002177656495468108
331,1.1435609389874941e-05,-0.0016126468229401224,-0.00032696283681057096
332,2.0458949120467617e-05,-0.001592642006779837,-0.00033680005066588317
333,3.514310600709466e-05,-0.001592815832477638,-0.00041322019403658726
334,6.265940636709576e-05,-0.0015927889210540444,-0.0003952066093006151
335,5.21850909958597e-05,-0.0015926110220628156,-0.00042358756771570524
336,9.377720362737133e-05,-0.0015924187726134098,-0.0002780009880220805
337,0.00017956521016692146,-0.0015928982919509009,-0.000526813636972882
338,0.00027729231838782213,-0.001592823946772681,-0.0005425929943954468
339,0.00031092818983090797,-0.0016049567489028235,-0.0004998790974750226
340,0.0003835851615031238,-0.0016081243551981858,-0.0003791970563123031
341,0.0005114191237055861,-0.0016141413266800597,-0.00021560328438196454
342,0.0005094241059804506,-0.001614266396484343,-7.008351481458118e-05
343,0.0004454376576675858,-0.0016149450358155834,-0.0002733916068267836
344,0.00042785575760645065,-0.001615331552137889,-0.0002723743720739353
345,0.00028931747850609725,-0.0016151726444801197,-0.0005052125571672185
346,0.00022035424010686676,-0.001615931527046173,-0.0002769878439848386
347,0.00024205209558994428,-0.001616488640903772,-0.0004374469281002291
348,0.00026173325361104086,-0.0016162652414134367,-0.0002021274684462733
349,0.00019922812189180454,-0.001615903214655874,-0.00012812188087568034
350,0.00024181985498272041,-0.001616264904780118,-0.0002892957863943051
351,0.00026305775270496793,-0.0016085982175760326,-0.00016248673741519647
352,0.0003253810367045012,-0.0016154658939899376,-0.00033931523679666645
353,0.00019643003418779185,-0.0016153672396453946,-0.00034065224718800736
354,0.00014710846503750296,-0.0016142573927575789,-0.00038357307614259685
355,0.00017783543792758265,-0.001613781552630721,-0.0003169537561905431
356,0.00015783018716891632,-0.0016140017667237861,-0.0003268602930834338
357,0.00015216802662518458,-0.001614456836288519,-0.00044792831077589373
358,0.00016330910597864878,-0.0016137007821194736,-0.00035247547993762994
359,0.0002678243427165552,-0.0016134488347890681,-0.0002905064799510035
360,0.0003145318197900311,-0.001613529628397279,-0.00041054370429569693
361,0.000203847903419343,-0.0016128302494946803,-0.00036254505897989826
362,0.00016916559990770824,-0.0016085484419663281,-0.0003008632634806612
363,0.0002742149194133609,-0.0016084913273006157,-0.0004530385858448455
364,0.0003001059727398867,-0.0016081551186603834,-0.0001912284999094966
365,0.00031513791547836337,-0.0016082559894652984,-0.00040731648993754053
366,0.00043046030709605976,-0.0016082132619848863,-0.00027533704542183796
367,0.0004257196937016214,-0.0016017150616463814,-0.0003709211022753726
368,0.0002632047964907336,-0.0016002896533246235,-0.00023600428871778018
369,0.000301934636571166,-0.0016003473720023012,-0.0002748858825670234
370,0.00020447986269238804,-0.0016005672781170984,-0.00027988291558829026
371,0.00016213883647526718,-0.0015994413520689502,-0.00043426585787007
372,0.00017529962113516396,-0.0015996740965041082,-0.0002832435786837053
373,0.0002970285423048297,-0.0015986676736200473,-0.00040142793476510656
374,0.00024133494643563335,-0.001599597000730127,-0.00042203388364949444
375,0.00020339148510358946,-0.0015997342918934812,-0.00043644200384895717
376,0.0002774809848156762,-0.001599796484819264,-0.00046193915664863544
377,0.00027486017654396725,-0.001599778253592125,-0.00035594044379032004
378,0.00026867064711677535,-0.0015996667582905502,-0.0003215914393327417
379,0.00036000964671179897,-0.0016317290565523526,-0.0004994725879938493
380,0.0004986756552064123,-0.0016318598345220104,-0.00023290681279283007
381,0.00044436117358545086,-0.0016318412177704293,-0.00033740420027663276
382,0.0004905424705774861,-0.0016321642419740742,-0.00037816469780463965
383,0.0005456467448767584,-0.0016325603224341314,-0.00021879416053443082
384,0.00043079865159962547,-0.0016322660741996257,-0.00018946821470760457
385,0.0002833947951898423,-0.0016314831928726542,-0.000296400103353897
386,0.00031880370903208277,-0.001631626658494978,-0.00033611405935091225
387,0.0002503530944453482,-0.0016315275169491807,-0.0005193155777457444
388,0.00025873227561543294,-0.0016326948496834148,-0.0005716301738209748
389,0.0001653227635124033,-0.001608621215059619,-0.0003225340173449599
390,0.00010355316185314297,-0.0016076477770823896,-2.4598325494917068e-05
391,0.0001247674676947346,-0.0016145730619252347,-0.00040556538963616815
392,6.451793562665069e-05,-0.0016139078156433401,-0.00022294960002325256
393,3.757573704462989e-05,-0.0016135103216998938,-0.0003578570098945202
394,0.00011470179989970786,-0.0016131705324536718,-0.00047614300701079597
395,0.00018578105299015294,-0.0016146651343968892,-0.00026808974975146843
396,0.00014940424366461697,-0.0016123171667526512,-0.0004905424257710903
397,0.00020257474976911863,-0.0016124208309816613,-0.0003770899879637044
398,0.0002909248935855471,-0.001628374214768385,-0.0004968970556895346
399,0.00024892623956334996,-0.0016278214247962797,-0.0003427700465609655
400,0.0002937729631438684,-0.0016276232546110615,-0.0002756538041575751
401,0.000255090367750317,-0.0016277265541974422,-0.0003093877889956279
402,0.0003014731744720882,-0.0016282421367647699,-0.000513584105874647
403,0.00018537980091091485,-0.0016279336969038467,-0.0003674748031717547
404,0.0003360704172821419,-0.0016284044304805394,-0.00034911261873616826
405,0.00021073735407896145,-0.001627436360288608,-1.9317328005813352e-05
406,0.0002605808541662907,-0.001627386207242948,-0.0003449718082380838
407,0.00019071564359049263,-0.0016272054017999454,-0.00028341397459800976
408,0.00010777322948738649,-0.0015958775748158836,-0.00034507532722940473
409,3.965072431792498e-05,-0.0016189311163682114,-0.0006074789821904256
410,0.00014661354848901647,-0.001618173265935979,-0.000342388233964298
411,9.10940326160013e-05,-0.0016172146665883686,-0.0003177561145248955
412,8.273158080869052e-05,-0.0016177750018406573,-0.00036306407144475654
413,0.00018033646792367468,-0.0016179339499496233,-0.0003065192701175215
414,0.0001734046680170804,-0.001617892480842356,-0.000541093319819144
415,0.00015835333734877727,-0.001617031450127107,-0.0003195941732375191
416,0.00019652769887592132,-0.0016170493997691928,-0.0003511423415480915
417,0.0002715765043328636,-0.0016160727140030731,-0.00023645879583982494
418,0.00024835156745772453,-0.0016158641249696152,-0.000311540488066326
419,0.000253151362544432,-0.001605672148461916,-0.0003537087546249208
420,0.00037484609113233526,-0.0016137680739762032,-0.00033493130478288953
421,0.00035254337030183415,-0.0016142576143988873,-0.0002044366452256642
422,0.00023107131694851361,-0.0016143474892597886,-0.00031299954042303554
423,0.00034129643841325285,-0.0016142418382228214,-0.0002858174403925669
424,0.00032966640114151323,-0.0016143130178609007,-0.0002388049231001282
425,0.00014638430939491155,-0.0016132027319682325,-0.00027827211903353036
426,0.00013767313793158854,-0.0016133464210428548,-0.0002670846084439839
427,0.00020657288951385347,-0.0016130827733378149,-0.0002540496224217615
428,8.809703860800727e-05,-0.0016138181401530692,-0.000493915034322361
429,0.00014880626214662884,-0.0016316765886741553,-0.0006606020708379817
430,0.00019145073377835364,-0.0016301348710273194,-0.0003508740556805071
431,0.00014766836665741748,-0.0016290515727915443,-0.0003234073802101216
432,0.00012017942855594669,-0.0016285476163012376,-0.0003786732781965017
433,0.0001368155491801247,-0.0016287746223655752,-9.581299942335134e-05
434,0.0001289319945234524,-0.0016297297676599281,-0.0005406292330769984
435,0.00023989935558371247,-0.0016311832574102182,-0.0005509401892499191
436,0.0003530655375551649,-0.0016305057083592916,-0.0005473460099351806
437,0.0004761406635293565,-0.0016310384383935966,-0.00038180454151812436
438,0.0004876712202413008,-0.0016308491788864917,-0.0001550998212005674
439,0.00038103253386466093,-0.0016163925782492618,-0.00024523323930368714
440,0.00034417879595702257,-0.0016290611364925458,-0.00035373979064087834
441,0.00028951972529242466,-0.0016284547973656905,-0.0002312848968488087
442,0.00010569089182172695,-0.0016278059176482462,-0.0004688114740490578
443,4.9594486949347144e-05,-0.0016272054325329865,-0.00042862704576573284
444,8.485559479362515e-05,-0.0016268199432729888,-0.0003409750168939322
445,9.911715448832608e-05,-0.0016272762969806835,-0.0005519321616790714
446,0.00010745958507299487,-0.0016271571088656185,-0.00024793847107996644
447,0.00013527953083694824,-0.001626443093380451,-0.00045735471472283494
448,0.00014583418130804156,-0.0016256623822667171,-0.0004345753266253778
449,0.00013273626818841768,-0.0016253939778246504,-0.0001957935544218701
450,0.00010427184169715978,-0.0015964884838056573,-0.0007864131285517883
451,0.0001389723402755581,-0.0015967779976749186,-0.00022352410630784486
452,0.00020410225418319533,-0.0015964719822630859,-0.00024166417258546683
453,0.0003246916219480781,-0.0015961528074140195,-0.0004093783717393162
454,0.00036079736895542675,-0.0016012170637681857,-0.00041594741561774997
455,0.0002208248350854283,-0.0016009813651286751,-0.0004369971357969332
456,8.648323961227263e-05,-0.0016008803837889312,-0.00027488345635271616
457,9.651752212893922e-05,-0.0016010975922229587,-0.0003484685105625406
458,7.599398787786613e-05,-0.0016222185488439932,-0.00028158888783036873
459,0.00010968963629812735,-0.0016226240954962535,-0.0001360860435265192
460,0.000257041369076231,-0.0016234027367351663,-0.00020068819292776526
461,0.00036881410746467596,-0.0016235156592870853,-0.0004564229316827579
462,0.0003507379954082091,-0.0016231402123145441,-0.00035677872545452325
463,0.0004226474356953061,-0.0016240076453872484,-0.0004213067103934792
464,0.00033047339249727493,-0.0016226578796220419,-0.00042600508594970403
465,0.00030729357267400814,-0.0016226504176377681,-0.0005472072742298933
466,0.0002545275041270395,-0.0016220288388105932,-0.00040214250054714206
467,0.00021166743802941262,-0.001621875948961192,-0.00031674004044864723
468,0.00017899931505348978,-0.0016016962886405638,-0.00044371829505176694
469,0.0002754674309547691,-0.0016014625724583734,-0.0004223934779169999
470,0.00030189918323638364,-0.0016010385910925837,-0.000173115832939327
471,0.00033352119074179343,-0.0016015179265645935,-0.0004747295327986301
472,0.0003701034247747638,-0.0016011365254184875,-0.0001693613693318184
473,0.000257360146417502,-0.0015955879404785731,-0.00042080495012214566
474,0.00020903283065900043,-0.0015953094634255087,-0.00036021129535754933
475,0.00022035891369351173,-0.0015949542340998862,-0.00015228723362973004
476,0.00025520451247519166,-0.0015955938484768898,-0.00031604392708699995
477,0.00025182845677339466,-0.0015948418578040375,-0.00035635335565156875
478,0.000321838562712648,-0.0015953221767025952,-0.00013884168373412152
479,0.0002382854419852042,-0.001593270226373839,6.213491313431809e-05
480,0.00022817822867690976,-0.0015932459159706143,-0.0005527547010172462
481,0.00020133793805516995,-0.0015914637904339138,-0.00037615784902587533
482,0.00023307575916340286,-0.0015909107068183214,-0.0005088276192972625
483,0.00017920652238229603,-0.0015907815290192322,-0.0005509900752036798
484,0.0002897933556759875,-0.0015916302679736232,-0.000526557459906949
485,0.00031978904834811323,-0.0015920686407388397,-0.0005590879535662648
486,0.0003568727615216297,-0.0016024128917528067,-0.000493875852746615
487,0.0003301258364165863,-0.001601724274672569,2.02222287136006e-05
488,0.00034865872110830047,-0.0016018123128300394,-0.0002232580433203767
489,0.00024466658957429465,-0.0016011065488810866,-0.0006312353666439946
490,0.00016572775322529882,-0.0016002934501940498,-0.00012360388028270067
491,0.0001465364017745048,-0.0016013095781061124,-0.00031562598984709946
492,0.00029098254700826037,-0.0016176432340771023,-0.00036180622163405876
493,0.00021019858113887214,-0.0016167088578033343,-0.00022054568615315106
494,0.00023610009916263586,-0.0016173011580103663,-0.0002075431673173738
495,0.00030823354943392657,-0.0016176098756349555,-0.00047650284769046726
496,0.00030050492095998736,-0.001618144542891738,-0.0003017170484539784
497,0.00021109112976553575,-0.0016182751963084718,-0.000501526253320452
498,0.00026529455403810675,-0.001617355173054159,-0.00021509573123675374
499,0.0003110818672481971,-0.0016172880768446226,-0.00036431585502221
500,0.0002757270350944919,-0.0016177767628164684,-0.0004016803185186512
501,0.00016943192139526835,-0.001617121158829494,-0.00033381622787231446
502,0.00019618517621284044,-0.0015846794963056692,-0.0003481447514712951
503,0.00030110312460956696,-0.0016128021944808416,-0.0002519527097706436
504,0.0003194152852713633,-0.001613338293803676,-0.00024066116136970919
505,0.00025139849215053805,-0.0016134306847600604,-0.00046058660604496153
506,0.00041547614985755634,-0.0016138186011837843,-0.0006107549054272941
507,0.00034121291783098474,-0.0016131277121465425,-0.00035559018298343307
508,0.0002171688961119285,-0.0016131317495884706,4.835535252723015e-05
509,0.00019506181795420383,-0.0016131724948090973,-0.0002211002202307804
510,0.0002803770720013843,-0.0016142732756674902,-0.0003902175387473042
511,0.00023057930445679044,-0.0016141473233854857,-0.0003086037936896657
512,0.00029520707691510864,-0.00161438222079073,-0.0004332171255334207
513,0.00034491987668989967,-0.0016177187859033235,-0.00040349723364964206
514,0.00036545840298094834,-0.0016179531412770752,-0.0002553703198189664
515,0.000429202043068765,-0.001618934122868493,-0.0004247921517079623
516,0.0004018961493099043,-0.0016190498397508457,-0.0002700360248820521
517,0.0003385047745735345,-0.001619322902946174,-0.0004501550446100194
518,0.0003073926476054834,-0.0016195016096513554,-0.00046829180023505153
519,0.00032609856819115134,-0.001620173700764817,-0.00031893437262706526
520,0.00025305973875709557,-0.0016198426133089497,-0.0002661976756671558
521,0.0002577556084597623,-0.0016197037914332216,-0.0002599267415391247
522,0.00025433657723397717,-0.001620077130612559,-0.0004338736903815682
523,0.00023025962559052198,-0.0016195807591612508,-0.0006447668961685638
524,9.752070702167084e-05,-0.0016195094096443205,-0.0002938724286474149
525,-2.8830780160018802e-05,-0.0016179004862149102,-0.00014935914860509674
526,-0.00010016581985914657,-0.0016174856842374249,-0.00024326168011625215
527,-0.0001167717880011688,-0.0016178095917232455,-0.00047405402211755877
528,-0.0001338773810657478,-0.0016173631153305768,-0.0003216210533334512
529,-1.5546638000176476e-05,-0.0016170867552405897,-0.0005334737074870158
530,0.00011752056636721157,-0.001616804449533887,-0.00021485004735534072
531,0.00020623558377284797,-0.0016168659807369327,-0.00036638265529245366
532,0.0002148833971941431,-0.0016168821876854748,-0.0004629504516484189
533,0.0002661561318809841,-0.0015962799644365694,-0.00036257010715535235
534,0.0002591676337908461,-0.0015955191665125224,-0.0002931307801834781
535,0.0002236604290440045,-0.0015957592982867577,-0.0006238482624343119
536,0.00023223056816769666,-0.0015957517050248732,-0.0003236922589260368
537,0.0003069087355748486,-0.0015968731879179938,-0.00027519056414407545
538,0.0003055657039272438,-0.0015972262806532099,-0.00022050228884783708
539,0.0002937944906785444,-0.0016050329400490197,-0.00040777046437256076
540,0.00017398469037131631,-0.0016037646339119465,-0.00028917079803898765
541,0.00019217113393370298,-0.0016037608654560363,-0.000609958181932674
542,0.00014116050355480935,-0.0016033209464141837,-0.0006390958987174688
543,3.879314535041852e-05,-0.0016019567928799545,-0.00026362079354464265
544,3.901061792862204e-06,-0.0016011159616695402,-0.00038958037394462266
545,0.0001108559052568886,-0.0016016740499764357,-0.0003254050759599535
546,7.69903565207091e-05,-0.0016018615736243466,-0.00034956894867193254
547,8.304819114123463e-05,-0.001602019544119277,-0.0004688846027014758
548,0.00028313402090978735,-0.0016496850654540984,-0.00024268916675010825
549,0.0003990843112490989,-0.001649876820129313,-0.00018871272487731603
550,0.00039397065826685557,-0.0016500719444256609,-0.00026877872494301654
551,0.00040563589337130527,-0.0016505071600372084,-0.0004196151704748773
552,0.0003297197274900377,-0.0016499119413465723,-0.00022609284809095923
553,0.00026073180363395,-0.0016500089704734554,-0.00038960713977273596
554,0.00020966762363891194,-0.0016498896365040655,-0.00033832355356698524
555,0.0001898952544521533,-0.0016491358951942429,-0.00011162571829781461
556,0.00016281367216059887,-0.0016492340898303767,-0.0003187791136564342
557,0.00019880695995755745,-0.0016487126509574584,-0.00015412805527325555
558,0.00014688721134252159,-0.0015903600470376035,-0.0005189573231172093
559,0.0001617467741479795,-0.0016177834635351643,-0.0005344855011580251
560,0.00011739842909935714,-0.0016171629314651417,-0.0004373020481572693
561,0.0001720300799607144,-0.0016165414493108296,-0.00036649214986045375
562,0.0001807809751906267,-0.0016155368387748142,-0.000122657342469965
563,0.00020444278337103717,-0.0016156912368173115,-0.00039531768542131585
564,0.00016861967960279408,-0.001616428136668237,-0.0006001874910171618
565,0.00037859352106059055,-0.0016165189699417003,-0.0005857722758949753
566,0.0003332058446868854,-0.0016160427095380093,-0.0004502855493542946
567,0.00039565428845467703,-0.001616387666394892,-0.0002913586337367171
568,0.0004941449675252772,-0.001605936899206083,-0.00026061538766885054
569,0.0004878096815641138,-0.0015944742088277457,-0.0004124472213490689
570,0.00033511904082532103,-0.0015947195091580455,-0.0003746044505918697
571,0.0003080007120385047,-0.0015943050858829167,-9.595112055234658e-06
572,0.0002264624353688835,-0.0015962499165610774,-0.0004423921396313989
573,8.83982278161211e-05,-0.0015959925251583565,0.00013035946242787423
574,0.00010653508416742483,-0.0015963708909075814,-0.0006685087722615423
575,0.00014435289453494323,-0.0015959329004252235,-0.0004337300216319372
576,0.0001651688360162698,-0.0015950360643227609,-0.0004887542958007264
577,0.0001925118961204473,-0.0015951534211656553,-0.00045021979073316235
578,0.00022509873509384747,-0.0015821328019842331,-0.00038780520604518126
579,0.00024878037625097226,-0.0015821803943935752,-0.00044629247188037705
580,0.0003081105062023481,-0.001582732033193261,-5.7256929225521557e-05
581,0.00028598529188883834,-0.0015821007204390274,-0.0003277137840094761
582,0.000276190707335069,-0.001581498795239984,-0.0002614988616134732
583,0.000323711322170815,-0.001594250724902397,-0.0003833527173764166
584,0.00029643930834342893,-0.0015944749699563553,-0.0006138087525457965
585,0.00014675521997694648,-0.0015939473561160408,-0.0002355422265596513
586,0.00013045015564277913,-0.0015937444871599166,-0.0001260732133812401
587,0.00017809278630788634,-0.0015944463245619754,-0.00022699388448723493
588,0.00015901987762872102,-0.0015939141428487232,-0.00025606791798239796
589,0.00014327495809772506,-0.0015940274379561696,-0.0005456672586850689
590,0.00025457155709179423,-0.0015940585626887604,-0.0004304770224969742
591,0.00022935720508760902,-0.001593643269756412,-0.0002608339050828843
592,0.00021544856743000568,-0.0015939338809269194,-0.00030878110194380946
593,0.00019498225259382963,-0.001587619437492131,-0.00021249306828272882
594,0.0002457611967693466,-0.0015914299806593802,-0.00040409523534871517
595,0.00016757140493373174,-0.0015908474177072406,-0.0003365766163912975
596,0.00027303009917761535,-0.001590970023820186,-0.00031645175784638415
597,0.00024448686165414477,-0.0015909557001494508,-0.00045594981310249363
598,0.00024462210454141513,-0.0015909331032754118,-0.0003214252469721208
599,0.00021511808098906613,-0.001591214429696721,-0.0004110611805831952
600,0.0002846350304378652,-0.0015913221041214546,-0.00028346678868588425
601,0.00020451480405152313,-0.0015915291804635683,-0.0002848803355609804
602,0.00028925430283241693,-0.0015921548863767638,-0.00036625249287202126
603,0.00036957585676797056,-0.0016164801875622366,-0.00032618686023536494
604,0.0003233790666067098,-0.0016166027660647127,-0.00028952418391353413
605,0.0002805783114442125,-0.0016159975143812204,-0.00025479012844122106
606,0.0003232609866088966,-0.0016157246423442078,-0.0002688901485433695
607,0.00018994127948651263,-0.001615955909501999,-0.00020882752611010174
608,0.00017236000036333543,-0.001616516994420486,-0.0004155863644338646
609,0.00020995593817615856,-0.0016170632350655369,-0.00048251466457192903
610,0.00018794571312654432,-0.0016168386571799274,-0.0002260540115410596
611,0.00021198384182761235,-0.0016172124658109998,-0.0006244231803584127
612,0.0002993861716060995,-0.0016170884678370025,-0.0004233181453873876
613,0.00025140352853390797,-0.001586601909470983,-0.00046483097493272115
614,0.00022207553209982608,-0.0015872434439955089,-0.00031841221926813036
615,0.00021746434281186115,-0.0015875173930147133,-0.0002546550940296631
616,0.0002530751640840464,-0.0016033943689832276,-0.00033637782700078985
617,0.0002103523792459422,-0.0016035026017694961,-0.0003413208497985886
618,0.00018151820515120636,-0.0016034593708824795,-0.0003644100719521209
619,0.00020539265023535762,-0.001604014155332941,-0.0002958468980876045
620,0.0002623441663401571,-0.001604156371967866,-0.00031483421942214707
621,0.00016989545708599466,-0.0016035983814879707,-0.00017715673257731726
622,0.00016852056180700483,-0.001603899919407736,-0.0002499134065757138
623,0.00021984859452725943,-0.0016039274725777512,-0.000310747837053535
624,0.00023307914244647424,-0.0016036942766885257,-0.0002667042160057327
625,0.00020412298870130057,-0.001603354196110215,-0.00022146844410390537
626,0.00023656196707932394,-0.0015909866883595382,-0.0003945041385389962
627,0.0003032121974775038,-0.001590894373035539,-0.00037123925734597167
628,0.00030138162154480475,-0.0015907727034687594,-0.0003841403839188335
629,0.00024651321896132245,-0.001584208791993818,-0.00035574238387945105
630,0.00029105017822838566,-0.0015841551115717571,-0.00024184624636376643
631,0.00021599304739399323,-0.0015833890695680392,-0.0002628649287168083
632,0.00012723664179377147,-0.0015736053104983005,-0.0003094703248833371
633,0.00012183130729810826,-0.0015808141546135915,-0.00041985293228824575
634,8.995068377922132e-05,-0.001580586053163565,-0.00039820454856216703
635,-1.3433464060411475e-05,-0.0015800018590852258,-0.0003345438365823024
636,5.894727202876482e-05,-0.0015916741121807583,-0.00047821441332877775
637,0.00011703673118130511,-0.0015917438043419507,-0.0002824820002622131
638,0.0001539005577231776,-0.0015918859246685899,-0.00042546096019002646
639,0.00018677228323097232,-0.0015921346322546595,-0.0003642855208781482
640,0.00035644816830822157,-0.0015949832529376575,-0.0004208492768402697
641,0.00036127210442758094,-0.0015951929534245171,-0.00035702263147147637
642,0.00031189607985826885,-0.001594881502666384,-0.00017257711747781435
643,0.00016085805422320958,-0.0015948560520540902,-0.000136077371842896
644,9.552073299748262e-05,-0.0015944023793881418,-0.00023247862447189335
645,4.25131478436968e-05,-0.0015944290090555988,-0.0003832346381266551
646,-9.764806359077e-07,-0.001593934383353753,-0.0004901144519498068
647,2.3079784837862825e-05,-0.00159353997481345,-0.0005603703419954157
648,7.510859358905942e-05,-0.0015932464947906752,-0.0003812482209779485
649,0.00012977906018551066,-0.0015927839372534768,-0.00035993138900445714
650,9.938454237546275e-05,-0.0015786296733139775,-0.00026929364654344946
651,0.00017800836163696276,-0.0015995900621537744,-0.00039160936370434486
652,0.0001615019701918042,-0.0015991629054332912,-0.0003828314326998251
653,0.00015741254568916844,-0.001598327097960276,-0.0003039485945904107
654,0.00018263651145059327,-0.001598408817335917,-0.0002683217213788441
655,0.0002092032449412615,-0.001598901258046236,-0.0003464315780819837
656,0.00018724920066038285,-0.0015991453774694042,-0.00027053266798097314
657,0.0002456613411335202,-0.0015997829234182602,-0.00036526447414320643
658,0.0002476620628193535,-0.001599246509364416,-0.00021486768338971834
659,0.00024114181735858522,-0.0015989317660044227,-0.00026415668700421945
660,0.00017639478812449895,-0.0015983171815210856,-0.0002758779102397816
661,0.00017796905959933766,-0.001592090554973546,-0.00047134884456258807
662,0.0001841000818467927,-0.001592560930730606,-0.0005479385473466126
663,0.00019789353674296982,-0.001592872130184819,-0.00023928596792967627
664,0.00018311890202937103,-0.001592096421254359,-0.00011390604820737027
665,0.00025296211369439615,-0.001593247186407936,-0.0003993460840352146
666,0.00029438065745208226,-0.0015932774196495433,-0.0003779353675029132
667,0.0002692592675829665,-0.0015870822898892665,-0.00045578213453044837
668,0.00030758328109653705,-0.0015873447088573306,-0.0002900102148380843
669,0.00035765701778957086,-0.0015878745646311782,-0.0003361281647452555
670,0.00032919582956233875,-0.001593148774085037,-0.00042581723925245025
671,0.00026583105994305183,-0.001593154530585537,-0.0005279122477646484
672,0.0002424367244934605,-0.001593485187749217,-0.0002864774677372981
673,0.0002741889242468933,-0.0015937589205460851,-8.831390913507703e-05
674,0.00026887701175604334,-0.0015976044174836773,-0.00017215194697259225
675,0.000260530428871942,-0.0015975279844339073,-0.00010549844611466145
676,0.00026577883526593594,-0.0015981916394505256,-0.00033767309495459907
677,0.0003479945616327528,-0.0015981006871196542,-0.00030149593864258183
678,0.0003294054052184482,-0.0015983705056508363,-0.0004006799795914776
679,0.00023854933542542857,-0.001597368482921817,-0.0003760019024960927
680,0.00023865235034714122,-0.0015973518739353565,-0.0004784570848157814
681,0.0002553805493064142,-0.0015978745175880638,-0.00020014596126554762
682,0.0001674881017699443,-0.0015974652491152243,-0.0003005762469530413
683,0.00023756560184067007,-0.0016027116341537793,-0.00028815440382575766
684,0.00030548778140794774,-0.0016023842031653301,-0.00025440858804225765
685,0.00027349722529621657,-0.0016026952163918189,-0.0003060306160635498
686,0.00030208111298877496,-0.0016028000928712727,-0.00044045784160707147
687,0.00031377845321436146,-0.001602892863694375,-0.0003380433597622374
688,0.00019515507212850225,-0.0016031337993926194,-0.000495823168077624
689,0.0002119991082959833,-0.0016032232933985908,-0.00020747054854885648
690,0.00023084887063909806,-0.0016035031354860781,-0.00040490537599269217
691,0.00015647923204311465,-0.0016025064522249533,-0.0005282874951383993
692,0.00018852548563873513,-0.001602602745922902,-0.00027989842010814423
693,0.00023770338233326663,-0.001586527113936652,-0.000584123640714831
694,0.00020911103735790713,-0.0015865008516254837,-0.0003617545818000199
695,0.00024967653694786415,-0.0015862518563004014,-0.00032090463941214216
696,0.00029029304663566084,-0.001586447766498058,-0.0004357264345174045
697,0.00027329294974316097,-0.0015857524145049514,-0.00015555797765606089
698,0.0001431147962570947,-0.0015853290439874562,-2.2633905618599953e-06
699,0.00016355405217425423,-0.0015844786517730666,-0.0002867569197202776
700,8.453679698162611e-05,-0.0015839710741993203,-0.0005594156443209459
701,7.269658416294132e-05,-0.0015841105957443097,-0.00042591609683405513
702,4.407530894881398e-05,-0.0015818325975070666,-0.0005451072159738576
703,0.00019462967575122633,-0.0015815310854911517,-0.0004525108999776042
704,0.00020643745392956466,-0.0015812888888106459,-0.00032688160007315567
705,0.00033768771712436394,-0.0015812796081339502,-0.00015015237470055527
706,0.0002938993771731628,-0.0015793488025816402,-0.0005617153894115991
707,0.00031396652089674235,-0.0015796213169220208,-0.0003129397922435122
708,0.0003156154389343842,-0.0015945750313341703,-0.0005188641336658447
709,0.0002751266078018825,-0.0015952922816943667,-0.0003758488405824658
710,0.00020083296968624405,-0.001595831925559277,-0.0004290199867281626
711,0.00024140374124965913,-0.0015959243221710434,-0.00045308702194043853
712,0.00021958747929754264,-0.0015959125751723246,-0.00021220323386987643
713,0.00020245697423423856,-0.001604000567234768,-0.0005462531871954358
714,0.00022455864841695799,-0.001604127060646699,-0.00025311018322434885
715,0.0002077426409437482,-0.0016038075540339104,-0.0002879990364068041
716,0.00020275089820658557,-0.001604043284910661,-0.00025086439287013535
717,0.0002062393779963526,-0.001604866182265647,-0.00017942042968990802
718,0.0002782702058355135,-0.0016050317937820386,-0.0003094060391008036
719,0.0002899895262071826,-0.0016051265267949088,-0.00028852396435405766
720,0.0002848900949673261,-0.0016055492991309142,-0.00037981015387634245
721,0.00028822667978484743,-0.0016063031610342893,-0.00043425264385601184
722,0.00032032985992881387,-0.0016063822340800248,-0.0004471964859099273
723,0.00022730421036612822,-0.0016044232381836113,-0.0003045022382577413
724,0.0001783650956788675,-0.0016034542424657203,7.740110627903858e-05
725,0.0001181467184137579,-0.0016028423390296665,-0.00010774349920271398
726,0.00015170389379617257,-0.0016031522421115273,-0.0007148820956541102
727,0.00010113777886253701,-0.0015992888008853057,-0.0003913315033176997
728,9.596496768795352e-05,-0.0015991826266657867,-0.0007173708986879714
729,7.503814115053479e-05,-0.0015981054990794287,-0.0005451454105859568
730,0.00014979113157515873,-0.0015975957249262378,-0.0003722410400908066
731,8.28635663334773e-05,-0.0015883661616485285,-0.0006518690149190115
732,0.00012008148931496319,-0.0015882670299334255,-0.0005881224630278215
733,9.850931186167055e-05,-0.0015883328590105997,-0.00031632406841312715
734,0.00015917779360710498,-0.001595645788420215,-0.0004429000459753662
735,0.00015599821769843474,-0.001595618151227652,-0.0002795297790937583
736,0.00019121605452490124,-0.001595477095792919,-0.00019800303398960386
737,0.00021933955254230893,-0.0015944646069838396,-0.00034004830915171987
738,0.0003092626491827773,-0.001593853518637693,-0.00024996530693541393
739,0.00031423770350302345,-0.0015940157596610145,-0.00032479520373119517
740,0.0003075866484341633,-0.0015940244772276618,-0.00042018006347047305
741,0.0003176876611815827,-0.0015938785008606008,-0.0004881442797538904
742,0.0002893695416570294,-0.001593715997855884,-0.00035858783845977915
743,0.000245691578092631,-0.0015938551248200292,-0.0003694568502617411
744,0.00023564534118278999,-0.001585466141754029,-0.00033243046819661737
745,0.00030592631286398427,-0.0015953546514117425,-0.0003109102024980398
746,0.0003025476944054326,-0.0015955410082524792,-0.00015129812409895804
747,0.0002992551421323425,-0.0015958937987773313,-0.0003359822553986143
748,0.000290863622927935,-0.0015962761358863738,-0.0003279905600910025
749,0.00029593145322012564,-0.001607154111423648,-0.00032474898245242755
750,0.00021855447718883633,-0.0016063672952425034,-0.00040031073988619476
751,0.00019679095395369264,-0.0016065539169248257,-0.00029211844777497656
752,0.0002571325805775707,-0.0016064160121431867,-0.00045604585125591366
753,0.0002720481164094523,-0.0016070381370371393,-0.0003981118502096305
754,0.00025697115133897227,-0.0016072426155379473,-0.0003845784459208706
755,0.0002992209821420915,-0.0016072583063143936,-0.00046528098710435604
756,0.0003129393944140243,-0.0016067532915276781,-0.00016200607831803307
757,0.00022682328107685834,-0.0016064140304629553,-0.00036986459139463077
758,0.00020301094374437063,-0.0016063573700873521,-0.0002229520226481968
759,0.00021989169515113322,-0.0015908104041925783,-0.00035861693289374074
760,0.00020299262979899506,-0.0015926647166184073,-0.0003804781565207787
761,0.000233722272448211,-0.001590290747190571,-0.00033727475223694096
762,0.00024582183522422004,-0.0015888510117610852,-0.000314734357896989
763,0.0001463823120987961,-0.0015835065231652205,-0.00023929227839125436
764,0.00012139509629731215,-0.001582972444909951,-0.0004011275952713543
765,0.00020002934963635503,-0.0015817786267960333,-0.0005262001590220219
766,0.00015813958519873809,-0.001585090735249453,-0.0004703323374849945
767,0.0001615942045758762,-0.0015854125749295014,-0.0004310152103556866
768,0.00019641779137122636,-0.0015833132431495806,-0.0003146451825203547
769,0.00023341869247216126,-0.001582685160203519,-0.0004093342912276098
770,0.000139051615149788,-0.0015916905214632044,-0.00011849033370749768
771,0.00014610756236404536,-0.0015909565357757442,-0.0004621864925571669
772,0.0001578490526948705,-0.0015901138090696628,-0.0007352420564604941
773,0.00017180175775024516,-0.0015903858465384545,-0.0003647019516012424
774,0.00016836019353630284,-0.001591197817836708,-0.00037697583862647213
775,0.00020670975037394147,-0.001592170605269267,-0.00012064632292290475
776,0.00021664065142396434,-0.001591831633708537,-0.00019150040762514657
777,0.0002316241092634125,-0.0015918316308157208,-0.00019144408553405792
778,0.00026689132876348736,-0.0015918624028454626,-0.00021915778901288903
779,0.0002235774640043204,-0.001591241638466148,-0.0002600045128343177
780,0.0001584810347148361,-0.00159012073853707,-0.00021581585310194253
781,0.00014848462163335747,-0.0015910347770893374,-0.000392417977977056
782,5.404468998553231e-05,-0.0015716835617018503,-0.0002580303238107127
783,5.598305647105958e-05,-0.0015729405620852723,-0.000549412163011529
784,8.986175309473509e-05,-0.0015846327042531342,-0.0006682790508926732
785,0.0001498972559245715,-0.0015962522053394833,-0.0004669710343583468
786,0.00012372307880054552,-0.0015968193810253215,-0.00019405313820901955
787,0.0002384776906953492,-0.0016146437190398173,-0.00033211392769558955
788,0.0002797130081629064,-0.0016144357503308988,-0.00028392198911577325
789,0.0002962975556509983,-0.0016147946992206982,-0.00034352197430665294
790,0.0002761651053962583,-0.0016138002602550782,-0.0003284452464451503
791,0.00031579375666745523,-0.0016137304488769845,-0.0003593176551586867
792,0.00028403779276802923,-0.0016136200106268545,-0.00019863486611443768
793,0.00022785104515573584,-0.0016135257136283168,-0.0002546970403844817
794,0.00021287187413373857,-0.0016134694543068042,-0.0002584590574054132
795,0.00024084979850010253,-0.0016133491652817152,-0.00043515755921385256
796,0.00021768453965436405,-0.0016137970287375927,-0.00036426087686492137
797,0.0002340657438980649,-0.00158986100806336,-0.00027305403228707645
798,0.00031729030570252283,-0.0015903827557135317,-0.0002160794516996306
799,0.0003089926581316365,-0.001590512105889547,-0.00040358226568627874
800,0.0002988226906323635,-0.0015908042532310667,-0.00048139364610420225
801,0.0003673811943456237,-0.001618147008286918,-0.0004022614412343765
802,0.00030891395769689305,-0.0016181312610040772,-0.00037987435532263843
803,0.0002854545009808118,-0.0016188040066546236,-0.000261506187868003
804,0.0003037158211346329,-0.001619599392159973,-0.00016374085342260098
805,0.00031696615302565493,-0.0016202606716382787,-0.00019628953140611195
806,0.0003135751245727434,-0.0016205029550387174,-0.0007296555235967703
807,0.00034045646948679893,-0.0016195962515872292,-0.0002671638672386422
808,0.0003052773762845034,-0.0016193471069962826,-0.0003839573718643117
809,0.0002967041232037109,-0.0016199806576629552,-0.00036721804903057224
810,0.0002881752560509506,-0.001621449170564479,-0.00019313642732350257
811,0.00025255954425821274,-0.0016134932068349152,-0.00023592734180352416
812,0.0002340660924710067,-0.0016131670486085627,-0.00020239213314592793
813,0.00019376254755742181,-0.0016129171348051776,-0.0002915592736659783
814,0.00020863817368696998,-0.0016138281603418811,-0.000246570599296223
815,0.00017327179059497478,-0.0016148453985090345,-0.0004482709285041525
816,0.00014469089356818372,-0.0016147215576215298,-0.0004848903127257591
817,0.0001970874688829501,-0.0016152904163396053,-0.000391666080655154
818,0.00019597228690910638,-0.0016141752125362271,-0.00047079679933266386
819,0.00021576428847323647,-0.0016175872680699354,-0.0002988109673618501
820,0.00020091862013979104,-0.0016181851886410013,-0.00011235156253977015
821,0.00028171560136236283,-0.0016184265436702903,-0.0003636244762300659
822,0.00024481735543071886,-0.0016182846259245706,-0.00018151225976585422
823,0.00033253449915016467,-0.0016196837365693951,-0.0005369204245838723
824,0.0003528520183254335,-0.0016191535665207525,-0.00038437931508840894
825,0.00038077922191322085,-0.0016200991367416305,-0.00037053093404026895
826,0.0002527478240355098,-0.0016197063095647612,-0.00036357364655566026
827,0.0003256491641793409,-0.001619798018231029,-8.431091624961951e-05
828,0.0002749340691396734,-0.0016195741794125147,-0.0001955319194268806
829,0.0002393598366533967,-0.001620166867434962,-0.000223466501415359
830,0.00024828232767907436,-0.0016193562587769985,-0.0003112605194107096
831,0.0005792429690403644,-0.001620078436527421,-0.00046098960753836876
832,0.0005461612921546801,-0.00163536163865719,-0.0008345661196105445
833,0.0005906324416767456,-0.0016364617915179058,-0.0004954902629671511
834,0.0007024140794219628,-0.0017479631597244517,-0.000601145957012961
835,0.0005858944694363411,-0.0017485834475617944,-0.0004510158231676968
836,0.0005078030619291936,-0.0017500711328323239,0.00025935060853891483
837,0.0006499550582156376,-0.001750818556238735,-0.00021884562131998847
838,0.0008712263702393041,-0.001755312112153539,-0.0005738236729472439
839,0.0007419243516147254,-0.0017556442564977612,0.00014708180798230972
840,0.0007159639788226687,-0.0017533527626055353,0.0005251146493567144
841,0.0006578289545368455,-0.0017521212868613903,-1.7525227792076765e-05
842,0.0004479158231191641,-0.0017509924496399872,0.0004313618200928966
843,-6.27311075981483e-05,-0.001750839779112797,-0.0002766333686610093
844,-0.0002219848268056412,-0.001746235506794549,-7.03887990565978e-05
845,-0.00011912133763975762,-0.0017441913902179161,-0.0002990632318272022
846,-9.367350769922441e-05,-0.0017439171615792196,-0.001144167293373292
847,-0.0001371391440582991,-0.0017451046333573732,-0.0008297246364088648
848,0.0002216380471789744,-0.0016300394979339703,-0.0008500324283873665
849,0.00032699216683798827,-0.001630260397857301,-0.00041618618190341
850,0.00042200535694998875,-0.0016338559397775924,-0.0005284597649924562
851,0.0001742465492203426,-0.0016305501120758964,-0.00030893005243972174
852,0.0001521725263976411,-0.0016283107857160007,-9.427346813096257e-06
853,5.279523110911735e-05,-0.001627723283858717,-0.00021943199813491442
854,7.153951810443702e-05,-0.0016264506168594305,-0.00019118425767728254
855,-5.73075342674066e-06,-0.0016265538350125487,-0.0004928104619096547
856,3.353933048102173e-05,-0.0016254346142429794,-0.00039757175968317595
857,0.00012041698687802904,-0.0016245426576054034,-0.00027117259348758094
858,0.00031454693734896594,-0.001661969335195218,-0.0007136188182785667
859,0.0003199887388583174,-0.0016620540083973965,-0.0004994803848394887
860,0.0002594448442151013,-0.0016613881251846814,-0.0002643385205573515
861,0.00044291825331704317,-0.0016618911445864019,-0.00043563807056639584
862,0.0005182405015193603,-0.0016628357802300614,-0.0004976766001608642
863,0.0002608565254851143,-0.0016618535314800724,-8.805590214385881e-05
864,0.0002089104490632512,-0.0016610648629470117,-0.00023289205123272163
865,0.0003075908332144332,-0.0016610365827253008,-0.0001812777381084592
866,0.00011609203049588223,-0.0016595454460026843,-0.00016513729306475558
867,2.8402720841346523e-05,-0.0016589792537148316,-0.0004596767939622356
868,-3.3596558131237755e-05,-0.0016161700323732943,-0.0003259392401644858
869,0.0001059497646120488,-0.0016171909703249691,-0.00019648272242313455
870,0.00021324510293113097,-0.001642276247655054,-0.0006734136644902589
871,0.0002692788298426815,-0.001641663419561003,-0.0005133920121197533
872,0.00026431093848960636,-0.001640784318085726,-0.0003675181814919613
873,0.00046450790648610576,-0.0016406718709484481,-0.00047414705307339395
874,0.0002465597571513386,-0.0016383774015225824,-0.00013264263951953597
875,7.568295731088151e-05,-0.0016373260263874304,-0.00014329797842747727
876,0.0001478489960914458,-0.001637982195241533,-0.0004584288800481898
877,0.0002514256105960701,-0.0016376044604829972,-0.00040946350936116245
878,0.00018110266121025375,-0.0016379628609683326,-0.0003289857282756386
879,0.00029328195839076085,-0.001638190365314498,-0.00024709307952093236
880,0.000386067445547455,-0.0016107821282412415,-0.00042585358461674896
881,0.0001579578493079821,-0.001608085141849573,-2.7589899386424097e-05
882,9.866337060904265e-05,-0.0016076941298965614,-0.0001801876298838179
883,3.835769722877478e-05,-0.0016076015632045402,-0.0003731762925469797
884,0.00013448361446127295,-0.0016086393602126028,-0.00039435467335357973
885,0.00011970673811944745,-0.0016088229916823564,-0.0005221285914112596
886,0.0002669739301661786,-0.001608811509091647,-0.00028808990689080117
887,6.92903547954317e-05,-0.0016067140672975909,-1.6613269623353007e-05
888,8.581302280284395e-05,-0.0016070098338934922,-0.0005474028396407818
889,4.819814509037568e-05,-0.001606745160606261,-0.00025621177343115924
890,2.1269185633916526e-05,-0.0015952918641964858,-0.0004118464059663324
891,-0.00015897455841469354,-0.0015932673736176884,-0.00017355487258675922
892,-1.316948471381249e-05,-0.0015922945218660378,-0.00034272447729828464
893,-1.3840865350722172e-05,-0.0015914525912354455,-0.0005115996329490199
894,-2.109493595047647e-05,-0.001589694951345655,-0.00048485609720950627
895,-0.00010651712257259918,-0.0015896983914754407,-0.0003927177453973347
896,4.700263657874433e-05,-0.0015890491366234345,-0.0003577393185957531
897,0.00012777389373694139,-0.0016057971872066583,-0.00045422657742589314
898,0.00014849959790613922,-0.0016049953714259507,-0.0004119519826711339
899,0.0003464934431476953,-0.0016558297586785219,-0.0007183892965069122
900,0.00038259288536747526,-0.0016554447447622161,-0.0004057540619898773
901,0.00040820481800515055,-0.0016539445159553874,-7.861112258177668e-05
902,0.0003447130413464026,-0.0016537938228727619,-0.00030779588088404006
903,0.0003704570893453194,-0.001653955538679442,-0.00024396721950534564
904,0.00019824958979274495,-0.0016545480660115834,-0.0005561260243821053
905,0.00024535363694845873,-0.0016534186665541645,-0.00039674962874272277
906,0.0001786680666180311,-0.0016515528688464752,8.129363118524488e-05
907,0.00023583306336256087,-0.0016498418225698607,-0.00016288011610824716
908,0.0002960195149783691,-0.0016509201030681442,-0.000505732674968353
909,0.00026335955352260314,-0.001603875964522954,-0.00033671771437396655
910,0.00030318984542589106,-0.0016038587754172381,-0.0005514221644977047
911,0.0003556721420294304,-0.001603830903409243,-0.0003095178645129717
912,0.0002516341720497813,-0.001602688375013028,2.7964781183195176e-05
913,0.00017892328188739986,-0.0016025779780446522,-0.0001824918033808656
914,0.000158298099694386,-0.0016023027579506318,-0.0003902922875591305
915,9.467937437399802e-05,-0.0016015236780907779,-0.0004054968238909183
916,0.0001157519130372234,-0.0015995430466161614,-0.00045490393486717547
917,0.0002544619597878274,-0.0015992287200272952,-0.00030119624727177206
918,0.00015795502013609493,-0.001577577138749841,-0.00024960972759042555
919,0.0002461514662228644,-0.0015767568496391667,-0.00044394263297149977
920,0.0002739016129377533,-0.001577429775208393,-0.0003904943342090197
921,0.0002940276766677758,-0.001579398486179006,-0.0005563624761493002
922,0.00024025695508369187,-0.0015788120998227468,-0.00034512203014399473
923,0.00022569441820308005,-0.0015775840916210102,-0.00022351929768883098
924,0.00022005217571830415,-0.0015836040261227255,-0.00038315337165406474
925,0.0002145544030223264,-0.001583428569934149,-0.00025302153715498464
926,0.00015934120637121714,-0.0015833555768248124,-0.00016517676356257626
927,8.032150442381295e-05,-0.0015807034316235923,-0.00027634530364491173
928,0.00014303762464555673,-0.0015805113803711674,-0.0004300468278350632
929,7.194972812397248e-05,-0.0015843512125773835,-0.0004520623282470084
930,7.167433739421714e-05,-0.0015856751906367218,-0.00035685610716499434
931,5.7483220743285066e-05,-0.0015848402177111069,-0.00025753538437341177
932,0.00015371652912060283,-0.001583300494295902,-0.0003417763936249146
933,0.00015056879048384964,-0.0015831377645971053,-0.0003484474296943955
934,0.00024186247500721777,-0.0015831102165765058,-0.00032416164669991953
935,0.00022627330865898623,-0.001589890436004923,-0.0005620612918063268
936,0.0002641956647713341,-0.0015906069185058754,-0.0004898258774097601
937,0.0001708735751811753,-0.001591169814841063,-0.00043584495441943585
938,0.00016279180436047674,-0.0015896079474752465,-0.0002969688216202434
939,0.00011773103103867795,-0.00158952866282096,-0.00028298712503008005
940,0.0002010559604708586,-0.001605833611570418,-0.000539706997414558
941,0.0001892912077123812,-0.0016059756824727267,-0.00027212520717617857
942,0.0002102439424627515,-0.0016057006694133297,-0.00037599523715171705
943,0.00021070145748197333,-0.0016054557967891186,-0.0003073031720783534
944,0.0001497203985562682,-0.0016059274492857315,-0.0001880907731254564
945,0.00011842123855506025,-0.0016057643089030424,-0.0003053891443842345
946,9.718685678780172e-05,-0.0016054927454923497,-0.0003045974645043936
947,0.00010290020861066458,-0.0016060038192871192,-0.00011106312149007126
948,0.00020227329904493838,-0.0016067299311847533,-0.0007343095493476188
949,0.00019398409251103553,-0.0016066690661251887,-0.00013590533751681026
950,0.0001415846275357395,-0.0015969881950340177,-0.0006445327052202092
951,0.0002323799738059465,-0.0015971700708594114,-0.00036905387626706525
952,0.00023289226793682925,-0.0015961968335951625,-3.828624184531147e-05
953,0.0001574878112635655,-0.0015953105913251234,-0.00026318331026431744
954,0.000172707861968318,-0.0015953287757550874,-0.0003381292541429128
955,0.0001545773429329707,-0.001593660227816492,-0.0001321799873962094
956,6.601231388281341e-05,-0.0015931131056426838,-0.0004985288965726935
957,0.000126387453499083,-0.001592756057598326,-0.0004496713176078263
958,0.00013362773082130353,-0.0015772026347267208,-0.0005041032150917647
959,0.00022860111081340345,-0.0015942462446671864,-0.0005517476215794661
960,0.00019407050451028591,-0.0015942808486089604,-0.0002732935655674066
961,0.00027984652983453794,-0.0015939698381708949,-0.00046535460550621853
962,0.000397872112603731,-0.0015944550527129842,-0.0005161156078060192
963,0.0003293843509321446,-0.0015943000264476298,-3.0387100960815377e-05
964,0.0002940585455107302,-0.0015949211274486916,-0.00050425899832732
965,0.0003428797952391792,-0.0015940554082347817,-8.085321630714905e-06
966,0.0003059507535203825,-0.0015939969451968796,2.8407365272987354e-05
967,0.00018033475339055227,-0.0015932539995866118,-0.00015169769434761674
968,0.0002614385992793313,-0.001593298478476242,-9.697496960115861e-05
969,0.0002042916127723097,-0.0015928851671524631,-0.00043203939731244884
970,0.00025808075961296367,-0.00159310716231219,-0.0005561696887453058
971,0.0003568079740797942,-0.001594665132005697,-0.0005684520205939605
972,0.00034493995335361757,-0.001595970050078535,-0.00043741268463989993
973,0.0004295987727421406,-0.0016174126016945806,-0.00017113602524538145
974,0.00041930599143331443,-0.0016174433659331276,-9.922184646117961e-05
975,0.0004042727688281883,-0.0016181980941419503,-0.00020559749505260881
976,0.00029082826543435866,-0.0016176195876405044,-9.898139096139541e-05
977,0.0003110967455264863,-0.0016164019026007775,-0.00034059868749675365
978,0.00016814247890852628,-0.0016160276021962108,-0.000310400180793352
979,0.0001597851527324591,-0.001615942098621605,-0.0005052575789026489
980,0.00015459921331317333,-0.0016162472546745559,-0.0003408885263206418
981,0.00011984020149079884,-0.0016160652841071621,-0.0003056203016554933
982,0.00015484227914872977,-0.0016172432771833453,-0.0005979986791005596
983,0.00016762308886466226,-0.001605213285518804,-0.00021757163918279324
984,0.00014100027978799967,-0.0016045448103092714,-0.0003053994925349791
985,4.402484392431237e-05,-0.0016033719419258907,-0.00012925510559346647
986,9.345021580467584e-05,-0.0016038288699252751,-0.0003049896307207483
987,6.450625994297975e-05,-0.0016044377027077145,-0.0007009499794247715
988,0.0001307254033767625,-0.0016043843479547815,-0.00018619858273671679
989,0.0002600639568992068,-0.0016053745493912416,-0.0005707124061270763
990,0.0003058177501248077,-0.0016058006300881326,-0.00021419429176371
991,0.00030704630819487197,-0.0016061362150122484,-0.00014842406933404786
992,0.00022162657243182576,-0.0016006192714151043,-0.0003302108408559497
993,0.0002261887208433237,-0.0015996073691009883,0.00010727997681202921
994,0.0001453888741034502,-0.0016006325115884036,-0.0006157421701130343
995,0.00016747457611864812,-0.0016009104286086057,-0.0005230925036382759
996,0.00025266043489072763,-0.0016012120994101005,-0.0004131418035591144
997,0.0002865641642288369,-0.0016002911978797874,-0.00033693632809535815
998,0.0004004665781751255,-0.00161089272511088,-0.0003541368103335222
999,0.00041201594552810514,-0.001611953511730381,-0.00034983564200170364
1000,0.00041675936078260247,-0.0016123318971227477,-0.00021411911166156937
1001,0.00023321403026046287,-0.0016127332607682957,-0.000322605856113549
1002,0.0001830700143109635,-0.0016115094141335555,1.906219014232406e-05
1003,4.804801004275227e-05,-0.0016113286994208908,-0.0005059058082719447
1004,-3.976772254164266e-05,-0.0016100514484762125,-8.886594586767361e-05
1005,-2.7756222474212423e-05,-0.0016105161788274507,-0.0004529231898695507
1006,2.7902376606298672e-05,-0.0016098764522229044,-0.00047702906765445204
1007,0.0001301240779562017,-0.001609765280070707,-0.00021216903422459387
1008,0.0001631430067830688,-0.0015759984182370757,-0.0006120404163903125
1009,0.00032500489641678975,-0.0015897903416722148,-0.0005531619240944495
1010,0.00030829021239954307,-0.0015890713172874527,-0.00017254727901402141
1011,0.0002966854874916391,-0.0015882174796994645,-0.0003209674108931558
1012,0.0003017002998658016,-0.0015887420758324523,-0.0001868321488098857
1013,0.0002535588085661299,-0.0015885599040565464,-0.00029202737344138403
1014,0.00016331015850187342,-0.001588460456546919,-0.00045061160311927524
1015,0.0001966049733107391,-0.0015886284223989473,-0.0003434746983810617
1016,0.00024364737684587042,-0.0015886511821786933,-0.0002934359777488915
1017,0.0001276456243879192,-0.0015871128387571721,-0.0003054502431626597
1018,0.00015608030963138307,-0.001587167124932526,-0.00033454049438028403
1019,0.0001795441642851927,-0.0015706174244164918,-0.00043634805270458725
1020,0.00013136353683732474,-0.00157056637118967,-0.00045400020394014237
1021,0.00015799823107628738,-0.0015843416605254158,-0.000286984983598547
1022,0.00017244701110585278,-0.0015834791096583434,-0.00012399605936605284
1023,0.00014422822415286236,-0.0015826192630693614,-0.0004375449663108433
1024,8.033469464107344e-05,-0.0015823393826556384,-0.00017701094718375245
1025,3.047519668113454e-05,-0.0015821279401642186,-0.00042840951207396123
1026,2.8465380135793848e-05,-0.0015821102346240403,-0.0005012271423377604
1027,0.00011933685050971175,-0.0015813486220401613,-0.000328695090933336
1028,0.00013726926302842644,-0.0015809335700996963,-0.00023497876577549336
1029,0.00011236467419300494,-0.0015801357761430848,-0.00045548244000428594
1030,0.00022181539531190665,-0.0015798873586069938,-0.0003372502857094763
1031,0.00019894861008151564,-0.0015632066746007357,-3.715317094380458e-05
1032,0.00011633564444075102,-0.001562588926063735,-6.10201527239123e-05
1033,0.00015476599525468757,-0.001561966601945679,-0.00027187804905104656
1034,0.00021728948441895115,-0.0015613615567099924,-0.000334627567119173
1035,0.00024919685930903374,-0.0015586664601825832,-0.0006673305137522064
1036,0.000326943879202225,-0.0015725374889171506,-0.0005483670509840615
1037,0.00044120845769614667,-0.0015893531570082202,-0.0004900598118836674
1038,0.00034000248664280077,-0.0015886196563882988,1.4346992270803543e-05
1039,0.00037587819598684823,-0.0015883108420585983,-0.00013746241001571667
1040,0.0003126188243049234,-0.0015875976936762374,-0.00033355174235805124
1041,0.00022265893870913384,-0.001587641263800906,-0.0005629291479443643
1042,0.0001457681386113715,-0.0015872625903151963,-0.0002904043231870122
1043,0.000141817132640764,-0.001586148442112703,-0.00010786933819774777
