,cad_recursive_Self_Attention_pred,aud_recursive_Self_Attention_pred,gbp_recursive_Self_Attention_pred
0,0.00012282989713227244,-0.0016292302760334465,-0.00022862923517767353
1,0.00015388718322611891,-0.0016198262446088798,-0.0005631497082080333
2,7.638362326496487e-05,-0.0016193031971406151,-0.0004851958098066988
3,-2.835798884996043e-05,-0.0016183580576866847,-0.00024129980628323635
4,-4.701499755841657e-05,-0.0016175517989298713,-0.0002577215262396746
5,2.493951613294884e-05,-0.0016154966089726734,-0.000711230365202932
6,1.4410916855731506e-06,-0.0016147214517265962,-0.0006538467315803704
7,3.3627834595808054e-05,-0.001614513710521527,-0.00031855657671411896
8,0.00010148415687091775,-0.0016134594501292098,-0.0002171488091261045
9,0.00014273304357628278,-0.0016128412302654298,-0.0003436186582130537
10,0.00010263733780265498,-0.0016125805355816415,-0.0002694923506953939
11,0.00018280429888002685,-0.0016129304331230412,-0.0006857578034392015
12,3.447731887611834e-05,-0.0016116496594811426,0.00038746928881637965
13,0.0003092880029436792,-0.001625353462947796,-0.0008284066106855265
14,0.00038509729535549764,-0.0016245800153340962,-0.0003384902979909195
15,0.00041534755389922027,-0.0016246593779844815,-0.0004670716182339884
16,0.0002772551306162034,-0.0016242470786019944,-0.0003738443843168352
17,0.000332896612783228,-0.0016242701092749156,-0.000505551562428917
18,2.5385434089147706e-05,-0.0016244053733088257,-0.0003967319008546607
19,4.501233505683837e-06,-0.0016249209335596408,-0.0006756152024611001
20,5.9235854804138244e-05,-0.0016246904648186686,-0.0006342638260790826
21,0.00010572737337959215,-0.0016246291499487457,-0.0005284721286359364
22,9.713804602743444e-05,-0.0016242031084265955,-0.00021155998232810208
23,0.0002008729990432918,-0.001610730940082453,-0.00021496709926524475
24,0.00015435314791058453,-0.0016097226901929684,-0.0006706666047634879
25,9.578876355993197e-05,-0.0016094131482555813,-0.00045302746856445053
26,0.00018550616265113553,-0.0016096852031044172,-0.0004244261678554064
27,0.00037064828611886466,-0.0016101190520501935,-0.0002444052525928736
28,0.00031218553317225676,-0.0016098777814846736,-0.0002291202521393548
29,0.000338864889431745,-0.0016072838653954685,-0.0004866519602393459
30,0.0002789230558850415,-0.001606598950884254,-0.0004180601393997688
31,0.00020897548366600793,-0.0016079919321423414,-0.00035273821219919497
32,0.00011016561306889708,-0.0016076672042950233,-0.0005093116232761396
33,0.00016215296333177838,-0.0016070128202153317,-0.0003544454997158311
34,0.00014554728226442987,-0.0016072283814989703,-0.00032269230133183315
35,0.00023248145916103673,-0.0016076205015850655,-0.0005300636623312548
36,0.0002541465346556823,-0.0016072836914745705,-0.0002234809730370108
37,0.00028906363823083666,-0.0016075558004050952,-0.00037765528612808045
38,0.00029902888606252555,-0.0016071646682759798,-0.0004463189969807307
39,0.0002540502689029846,-0.001606994637702721,-0.0001849892998394985
40,0.0002173534492019618,-0.0016100738819278097,-0.0006669349961058945
41,0.0002920901175777635,-0.0016101209484761859,-0.0004302190271450707
42,0.0003724853480347744,-0.0016103373479501063,-0.0004818895256365838
43,0.00037423886031944474,-0.0016100559221498365,-0.0004988746684494972
44,0.0004940788523298121,-0.0016466679632364607,-0.0002453056365275963
45,0.0004922295476020933,-0.0016463276424936964,-0.00021255439533379142
46,0.0004405472984786166,-0.0016465601334809889,-0.0003825273491049858
47,0.0003239020656902226,-0.0016464294255740257,-0.00035565314561561315
48,0.00037502733862554926,-0.0016472661837516164,-0.0003877048311763377
49,0.00033238686150375397,-0.0016475712307849994,-0.0003303747370657645
50,0.00030670694173093077,-0.0016470594058266058,-0.0002998248561446269
51,0.0002502795820557719,-0.001646648068579871,-0.00025633894911769866
52,0.00028094788443136477,-0.0016468110752821767,-0.0005313524517157619
53,4.03835950863817e-05,-0.001644726158456322,-0.000148351297542815
54,3.492947038090079e-05,-0.0016215691498332803,-0.0003743764749304565
55,0.00010664849654360236,-0.0016212064526597756,-0.00048185356158492
56,0.00012901282603314587,-0.0016208313433320534,-0.0005969102713172302
57,9.640535566139566e-05,-0.0016213756712176442,-0.0003477693108728467
58,0.00024088250738758113,-0.0016104386838962494,-0.0005220295658070963
59,0.00024924588874140343,-0.001617106163885517,-0.00042699748124989706
60,0.00024227529698835277,-0.0016171567771068387,-0.0005717501430742609
61,0.0002405785168666625,-0.0016172212946875943,-0.000337248653817182
62,0.00024906754790667734,-0.0016170083014225747,-0.0006391386079008972
63,0.0002170176276122355,-0.0016164919455193287,-0.0003988501848837348
64,0.0002100721431407227,-0.0016168877781443769,-0.0002742837442581801
65,0.00016081810201111285,-0.0016170491244097854,-0.00025552667504546316
66,0.00022336173037196627,-0.0016173774225630817,-0.0004966291532800755
67,0.0002351877046486499,-0.0016179300884358405,-0.0005048990064168099
68,0.0003222117343679213,-0.0016178552595406076,-0.0003291884576345941
69,0.0002864234862115391,-0.0016125745815847368,-0.000429599314224963
70,0.00030178660883166663,-0.0016160560519258434,-0.0005050107348069561
71,0.00016578350467407374,-0.0016160368933451617,-0.00023863835099876413
72,0.00014529274706151109,-0.00161606000400491,-0.0002508893429743672
73,4.3696163552838776e-05,-0.0016157313585695953,-0.0003189131014189334
74,0.00013655332075865545,-0.00161508221160208,-0.0005118784500226591
75,0.00014344010901125239,-0.0016149238094025592,-0.0004636379798635354
76,0.00020855330944108543,-0.0016147795815857448,-0.0004047629999526177
77,0.0002727919417392469,-0.0016151849468134234,1.4774227750491268e-05
78,0.00043953381514727616,-0.0016257085537289525,-0.0007205897368340007
79,0.0003527979734983642,-0.0016252817832552858,-0.0005391428982305953
80,0.00038184997325973655,-0.0016250805615887242,-0.0006015221306298301
81,0.00039377562378035025,-0.0016246564019373275,-0.0006140561842938242
82,0.00039923593988579957,-0.0016251546077580398,-0.0002796332177839904
83,0.0003428045952411168,-0.0016259014010763541,-0.00043234712989039973
84,0.000370414338930116,-0.0016260234810232107,-0.00032649283820307016
85,0.0003618464793057651,-0.0016256937410805826,-0.0003791236222264473
86,0.000386106323367415,-0.0016251545523610703,-0.0006111219333227387
87,0.0003429547474544269,-0.001625009432084913,-0.0003379890563042591
88,0.00032037626590067576,-0.0016539432544700964,-0.000575454650043419
89,0.0003238513318995586,-0.0016541372231605182,-0.00027528950154907854
90,0.00021244697456432895,-0.0016539187125897152,-0.00027698146187968455
91,0.00022435169315816703,-0.0016544404807542188,-0.0005308916586336687
92,0.00022415359030449595,-0.001655036546210452,-0.00040229510480389565
93,0.00014584637587605694,-0.0016547159200833732,-0.0004363157253472719
94,0.00016639865128529582,-0.0016545390794492254,-0.00048645334833204493
95,0.0002715076134554793,-0.0016544196229771073,-0.0003164079759955486
96,0.0001619593541947422,-0.0016540440596854201,-0.0003483639359416683
97,0.00011155816068283798,-0.0016538542174683588,-0.00033190840918630404
98,0.0001659028684658015,-0.00161573353505921,-0.0002922520040380432
99,0.0001292285174450593,-0.0016159128714319372,-0.0005055221091182548
100,3.103011486649538e-05,-0.001615341173474117,-0.0002702889552007307
101,9.414533172763504e-05,-0.0016150881706108672,-0.0005497854816592628
102,0.0001270715039219015,-0.001599103045619342,-0.0005140334375514813
103,3.3275108478334235e-05,-0.0015987464334888935,-0.00036757878865909427
104,0.00010635895771437834,-0.001618840619472557,-0.00046589145808369783
105,0.00015553278334073364,-0.0016189203136466805,-0.0005467518871181591
106,0.00017098416106425322,-0.001619028361084313,-0.0001957298779103809
107,0.0001674782368210076,-0.0016186700513155347,-0.00027709093706820246
108,0.0003067099797107226,-0.0016191597126599697,-0.00026242499677362667
109,0.00024486401856592594,-0.001624042063839347,-0.00036980952481507266
110,0.00025193661340397754,-0.0016230565763917036,-0.00044290616787361753
111,0.00023651446884686517,-0.0016224311557489677,-0.0004010653685483265
112,0.0002142837823136759,-0.0016221593991737817,-0.0004135917893758124
113,0.00022419983620866886,-0.00162155333193531,-0.00032858000608825195
114,0.00021039254573937044,-0.0016215768435870607,-0.0004550454994405533
115,0.00020211992974611433,-0.0016218510354655269,-0.0007818667705160466
116,7.635219085541419e-05,-0.0016216505883080265,-0.000424708855679658
117,1.4416247027708882e-05,-0.0016217014254294995,-5.7211444681165715e-05
118,-3.037221720681084e-05,-0.0016210288418804114,-0.0002507269685697044
119,-1.0224847653260543e-05,-0.001601262069955595,-0.00023628168441247884
120,-2.2580668540641643e-05,-0.0016006761219325694,-0.00036708957331627826
121,0.00011786010895357193,-0.0016012712007482453,-0.0005619007741917222
122,0.00024469076471187747,-0.0016014690161186174,-0.0005583362019536493
123,0.00030193612878379834,-0.0016052976522958529,-0.00023698928834249328
124,0.000187137520468495,-0.0016054427229560274,-0.00031333997133998397
125,0.0002698634738193014,-0.0016050773687070635,-0.0002616654304193076
126,0.00024461804544984153,-0.0016048366854116809,-0.00037373646975009456
127,0.0001520014432196109,-0.0016048594999470206,-0.00031677384196998333
128,-6.392835142030269e-05,-0.0016040678979941725,-0.0003137120530587261
129,-1.8135248635257472e-06,-0.0016034735405063586,-0.000437018654498175
130,-7.329110625365559e-05,-0.0016033868009171053,-0.0005705907248566846
131,-1.0287614888942995e-05,-0.001603989282111663,-0.0007489914322951067
132,-3.3702429888550074e-05,-0.0016192235973054258,-0.000514705268640743
133,0.00014046062123343535,-0.0016192601630602799,-0.0003630995359171123
134,0.00019511097743496824,-0.0016194903091206025,-0.00027794158956593283
135,0.00013652231217068243,-0.0016192780534386017,-0.0004861394095143886
136,0.0001065013442981631,-0.0016192041612901266,-0.0003737433816875563
137,0.00020069857403945258,-0.001618758575009401,-0.000419783733527355
138,1.7906712462658112e-05,-0.0016182280096675359,-0.00027024798021579226
139,-3.098166941649356e-05,-0.0016175015001339457,-0.00024187477233577272
140,-7.3103255481331485e-06,-0.0016161351935995087,-0.00016946056336458905
141,2.9226012575415137e-05,-0.001616546760043641,-0.0006169529166970429
142,-6.279605933399997e-05,-0.0016019252618957856,-0.0005656581248248397
143,7.909134648843882e-05,-0.0016014446541770327,-0.0005317905179636586
144,9.240280806401957e-05,-0.0016013603266616786,-0.0005307364553256481
145,0.00011611326827511525,-0.0016072749123429361,-0.00026022061328865036
146,3.9059560415467857e-05,-0.001607164574649659,-0.00030094169981223035
147,0.00010387837514885314,-0.0016069882936385364,-0.00038832985686134075
148,6.318819581684195e-05,-0.00160608945236022,-0.00023691501356157995
149,0.00018670089371432302,-0.0016065633033106378,-0.0005887179517137918
150,0.00011919054761189608,-0.001606295805345624,-0.0003276482001939094
151,0.00019212964530521435,-0.0016060817978429585,-0.00034021046911361956
152,0.0002570916256014065,-0.0016065230318123064,-0.0005442995378986562
153,0.0003528030949510722,-0.0016065317870039572,-0.0004134384735294302
154,0.0002586770905575981,-0.001606764172275067,-0.0006388064306730773
155,0.0004459527896637371,-0.0016049711606557892,-0.0005500885890314946
156,0.0004286599037311036,-0.0016050990598674311,-0.00027427857278611707
157,0.0003534232220259502,-0.001605067757305403,-0.00034325897585312675
158,0.00035347023775715927,-0.0016054079187592233,-0.00020833999245864325
159,0.00038252649861660726,-0.0016035712870217786,-0.0003426883963946868
160,0.00025347441987587545,-0.001603314503331847,-0.0002888046000259496
161,0.00026778841574534275,-0.0016082212505847868,-0.00045841690500782623
162,0.00031465460889617256,-0.001608631163459877,-0.000529555663183054
163,0.00014359834864762373,-0.001607229432852012,-0.00025967104317571295
164,0.00016217435197417903,-0.0016076619930184364,-0.0003696485726029452
165,0.0001293970759316499,-0.001607075294740739,-0.00028410227986079925
166,5.858385509950363e-05,-0.0016069390481825221,-0.0002771990643944891
167,2.606825140565171e-05,-0.0016073043605176107,-0.0005422886037960909
168,0.0001593841244930788,-0.001607392591968933,-0.00038406524218298314
169,6.149378889927303e-05,-0.0016073749709391656,-0.00034311386864868904
170,0.00012056968365883067,-0.0016070139684140486,-0.00021000046628248813
171,0.00017478719607452316,-0.0016055860712878975,-0.0002953935437524281
172,0.00017794504544635256,-0.0016057397571395038,-0.0004973722710254324
173,0.0002940516226102759,-0.0016093384669709776,-0.0004666816431715175
174,0.00018728573704640257,-0.0016087846833754773,-0.0004736289358802852
175,0.00013884214860944636,-0.0016084126966866858,-0.00039038338150204925
176,0.00013058585990369836,-0.0016088155224307326,-0.00043656797799387605
177,8.3393761077573e-05,-0.0016081293176477397,-0.00023539437842364161
178,-0.0001782902919981881,-0.0016080727963716894,-0.00045238183357920313
179,-0.00015120746786419947,-0.0016074564695254157,-0.00037793277188889166
180,-1.9262770486552438e-05,-0.0016072836297109595,-0.00033698956705160077
181,-8.890982874399191e-05,-0.0016076820611634983,-0.0006416740159306316
182,3.363754676973047e-05,-0.0016078080388729518,-0.0002881981037388332
183,0.00017406521792970108,-0.001601268760967764,-0.0006736914468071344
184,0.00027861241421031906,-0.0016010163335267577,-0.00017298526235544088
185,0.00026451825589101513,-0.001601051231713071,-0.00021804511891423847
186,0.00041807021350362807,-0.001607425686847261,-0.0008434471241263537
187,0.00033891482211388093,-0.001606741409205687,-0.0005218344911516194
188,0.00038258301680648744,-0.0016064638476321232,-0.0006065660738529331
189,0.00039815990828113664,-0.001637170664864785,-0.00031883997739868116
190,0.00038263724031945543,-0.001636732838864256,-0.0004913654523604517
191,0.00031080774340877765,-0.001637056755194794,-0.00045537204597303636
192,0.0002810041936723763,-0.0016377251296865597,-0.00037495979933099014
193,0.0003861539406175895,-0.001638211445252436,-0.0004741173487004754
194,0.0003292227469558077,-0.0016381139945325408,-0.00016800621034617568
195,0.0003591995669486283,-0.001638402107482437,-0.00041567445634985834
196,0.0003671804672436249,-0.0016384908877266273,-0.0005346334355228828
197,0.0003734265253895854,-0.0016383665537701834,-0.0003253631853648712
198,0.0002246138555072294,-0.001637976860337778,-0.0002694349524875275
199,0.00036755384410088886,-0.0016233681702172446,-0.0004593948505763252
200,0.00028954774522792025,-0.001623738853446017,-0.0002818899840472112
201,0.00026872870276767417,-0.001623922385128417,-0.00012404878429013498
202,0.0002545263443782352,-0.0016235822188517214,-0.0002272646846736669
203,0.0002086471556943129,-0.0016234437581363322,-0.0003268103003862856
204,0.00013341908805981987,-0.0016230118855302487,-0.00040374163507202524
205,0.00015920830919675868,-0.0016221183813967142,-0.0004920794091488135
206,0.00019218047966499348,-0.001622590705635156,-0.0005422192789781685
207,0.00023221890701412268,-0.0016226526458029725,-0.0005196345239910582
208,0.00023265864316357766,-0.001622648206084666,-0.0003422891369543175
209,0.00023728008426046046,-0.0016045786481576185,-0.00042283232338504145
210,0.0003866298517091378,-0.0016183102101714007,-0.0002515035070495154
211,0.00035476018384758627,-0.0016184390469883858,-0.00033508301124384946
212,0.00038044671681793687,-0.0016188488784082192,-0.0004996551781295119
213,0.0005574796164313642,-0.0016259877108211643,-0.00013681184662583688
214,0.0005871360712043946,-0.0016265794074274689,-0.0006227507223031366
215,0.00040525272471602725,-0.0016263439347758818,-0.00042221837540440784
216,0.0004102438568719441,-0.0016261902253646337,-0.00021549628343763306
217,0.00043652671768055465,-0.0016266196946256833,-0.00032600164122463136
218,0.0002916854767870703,-0.001626343490910558,-0.0004614344926259804
219,0.0001855413047907608,-0.001625838447961929,-0.0007484867253439521
220,0.0001795001479898917,-0.0016266869083019766,-0.00031528583744887365
221,9.518735492334716e-05,-0.0016261261150281288,-0.00014805872484801444
222,0.00011193619669955525,-0.0016267423564028968,-0.0003188904317429829
223,8.651186012239196e-05,-0.001621837635174788,-0.00041612107321978547
224,9.722139132614397e-05,-0.001621805885320508,-0.0003890942041690249
225,0.00014620362240210202,-0.0016220588218638001,-0.0003572433171763838
226,0.0002515152905883527,-0.001622571194772691,-0.0005323232679403608
227,0.00017672968755300304,-0.0016224574018485448,-0.0002780438972444998
228,0.00025959489509080983,-0.0016230264452828944,-0.0004165446535790923
229,0.00029863573746906813,-0.001623035361035349,-0.00037007963124659064
230,0.00030509452920200264,-0.0016144275637091701,-0.00035664495445654205
231,0.00031149260573123727,-0.0016146152848306526,-0.00042966396565061383
232,0.0002708770180238301,-0.0016122937726397737,-0.00043121023152799574
233,0.00015747431971183213,-0.001611755594784336,-0.0003023514644675063
234,0.00018331535079850217,-0.001611641789019394,-0.0005042895955233932
235,0.00017031786938144952,-0.0016117461125587569,-0.0004106157834857525
236,0.00017288985234158077,-0.0016119647178256835,-0.0004891970115159265
237,0.00026081684809506643,-0.0016120556423495798,-0.0004112968553078077
238,0.00039120215778627027,-0.0016032835037932472,-0.0002876820270026855
239,0.0004027253143452688,-0.0016033335868760334,-0.0002779892628559821
240,0.00019588898712463452,-0.0016028134016132414,-0.0005909546096649053
241,0.00012773628208978126,-0.001603013351827511,-0.000493827295426354
242,9.489173773267569e-05,-0.0016028889956791795,-0.0005423193953433829
243,0.00014398526741282486,-0.0016130657006152049,-0.00048781850350844804
244,0.00018088818945922742,-0.001619308215147942,-0.00016944932446300506
245,0.0003877610152159372,-0.0016193309869018757,-0.000516139873939572
246,0.0004056287321243441,-0.001619091480765041,-0.0004022126390358806
247,0.0004007930525614432,-0.001618646445899794,-0.00035470576917191954
248,0.0002526840104287493,-0.0016175630420514346,-0.00018022870785643956
249,0.00016610108504979467,-0.001617165219020946,-0.0003323424411950061
250,0.00023925436015788677,-0.001617431555470765,-0.0005904861034440584
251,0.00022779079761804218,-0.0016171830242843017,-0.00027857363505941625
252,0.00023751552580271093,-0.0016171919220146318,-0.00043147861161147377
253,0.0002427467825405967,-0.0016171332123216346,-0.0003759017699431436
254,0.00016496773505877036,-0.001598801767960455,-0.0003348302554661652
255,7.849407441198147e-05,-0.0015987030082344653,-0.00047185474987613966
256,8.988142728988212e-05,-0.0015985909225341823,-0.00036059303420837537
257,2.997160513967916e-05,-0.001598438725043338,-0.0003737199034134903
258,4.3841911276768904e-05,-0.0015978991719762753,-0.0003468972853527899
259,5.397389834443312e-05,-0.0015975484309889273,-0.0003313816305379164
260,7.346345596655504e-05,-0.0015873047855899743,-0.00033625797545892735
261,4.312369495502312e-05,-0.0015888613017909546,-0.0005003301679308233
262,5.042175599741502e-05,-0.0015885780533109585,-0.0003438022611600894
263,0.00010496646612225352,-0.0015884947304677314,-0.0006292513083249561
264,0.00014291361460155055,-0.0015881209237129945,-0.00038379981566411827
265,6.552757117578942e-05,-0.0015880931317852635,-0.0003814158704559457
266,9.746437035561465e-05,-0.0015976569694880214,-0.0004383137433917973
267,0.00017837860480341295,-0.0015978658116591988,-0.0004121859158407367
268,0.00023668854380299873,-0.0015976102144979493,-0.00045491972743281724
269,0.00025769211617285027,-0.0015969598583578395,-0.00030906944299702706
270,0.0002755297055711351,-0.0015966278184568763,-7.76837967990479e-05
271,0.00023601349210694857,-0.001595997237949601,-0.0003986798639336552
272,0.00019466685997108753,-0.001596044973619235,-0.0005575170496302519
273,0.00011015648313616915,-0.001595923813652121,-0.0005214612962696313
274,0.00012167440402393459,-0.0015955179050500272,-0.0004888235058813433
275,0.0002595944003306516,-0.0015955913221219733,-0.000545611510691367
276,0.00024079158456414906,-0.001593291474791143,-0.00023598525983766782
277,0.00021079969187204602,-0.001592808076105141,-0.0004948570153999067
278,0.00013854381018364115,-0.0015920047853284546,-0.00014085908198721033
279,0.0001841915860275525,-0.0016019741412166637,-0.0007557823376620409
280,4.687129747973274e-05,-0.0016008916905057768,-0.0005472347399486125
281,0.00011972204987100587,-0.00160109182017502,-0.0006195479939409952
282,0.00014358372080237007,-0.0016012283521747747,-0.00032849310498465564
283,0.00019303877631331726,-0.0016015823352164655,-0.000252505196562396
284,0.00011632568545521903,-0.001601783732802641,-0.0003118773069967829
285,0.0003386184459272922,-0.0016397524497201524,-0.0006579134273476091
286,0.00043035524872579576,-0.0016404266958999583,-0.0006467502340703542
287,0.00038580384400040135,-0.0016400557933800243,-0.00027349750737405546
288,0.00048570551512995677,-0.0016411419645792355,-0.000324044094027406
289,0.0005696699843675669,-0.0016416937098545708,-8.315430342849836e-05
290,0.0003833620720998111,-0.0016412653310634183,-0.00037819084235846514
291,0.00026385767205763854,-0.0016406152100687077,-0.00028337390441664364
292,0.0003246628369902753,-0.001640650289047586,-0.00022810373361189268
293,0.0001491370285295202,-0.0016397693662076294,-0.0002399328990504486
294,0.00010115576612304694,-0.0016395179037719608,-0.0002932100904396873
295,0.00019175216362443806,-0.0016280176999218202,-0.0006724454883832643
296,0.00020930535605434997,-0.001627909006300145,-0.0005468492075821415
297,0.0002809875623209486,-0.0016282968224020375,-0.0004590121042027139
298,0.0004384720786192525,-0.001627384119281487,-0.0004945220413474195
299,0.00045285216934337017,-0.0016268258021940242,-0.00020575690501453372
300,0.0003100280758924653,-0.001626860910919632,-0.0003164736518684245
301,0.0003501210029738432,-0.0016266988101659601,-0.0003691116591407949
302,0.0003534922347359478,-0.0016275649877444524,-0.00045201171520620935
303,0.00035197265528130327,-0.0016279187682988682,-0.0006025617902364105
304,0.00035522042711064726,-0.0016279940653408543,-0.00022915472729880175
305,0.00047392981673937947,-0.001627936414710561,-0.00021543358326577488
306,0.0004991395296201066,-0.0016278655247152058,-0.00020396324245106984
307,0.0003226156581465301,-0.0016270146845872788,-0.00028775081383147316
308,0.00030131676936133477,-0.0016204564259297194,-0.00046103188668558925
309,0.00028165393018691077,-0.0016209274403587443,-0.0005911343962681518
310,0.00015081865146555012,-0.0016201976948296765,-0.0003320361597211002
311,0.00010419958136018593,-0.001619812984880636,-0.00030075291418159007
312,0.0003093289889135923,-0.0016045122993879118,-0.0003120622401328006
313,0.00026485984329424096,-0.0016042855524649067,-0.00042746800283020175
314,0.0003752214614925271,-0.001627424068214558,-0.0005232235416508274
315,0.0005040191456192366,-0.0016320973995519062,-0.0004334433570459649
316,0.0004512125721533098,-0.0016320261141344076,-0.00028498693821104383
317,0.00032594464228052645,-0.0016324897842340382,-0.0004613032916374306
318,0.00017071564927740476,-0.001631391763926936,-0.0001978411535205508
319,0.00010891186226525249,-0.0016323466880303905,-0.0005835260189580851
320,2.4642060997774003e-05,-0.0016322618546709513,-0.00043249779719597395
321,-9.094522941653295e-06,-0.0016316040638545788,-0.0003115999574851582
322,4.149128172851782e-05,-0.001632520525937968,-0.0006385306553144396
323,0.00024219607909961363,-0.0016327440912783306,-0.0005062753588797806
324,0.0001682664054240805,-0.0016325263869405567,-0.0004577914500522993
325,0.0002209969190824179,-0.0016258072992662075,-0.00031169933440149735
326,0.0002933292626385279,-0.0016260173854445806,-0.0001976532790355382
327,0.00014116953674743235,-0.001625717804719346,-0.00029069248356522443
328,7.093891423299651e-05,-0.0016252990285036142,-0.0003387478036944877
329,9.273675243814711e-05,-0.0016243008531295156,-0.0005353708823370706
330,0.00011193937629660421,-0.0016242963483240642,-0.00024551306529650957
331,8.214549656937225e-06,-0.0016241179775358802,-0.00035692245094820626
332,1.7270793837079912e-05,-0.0016039032595917453,-0.00036544683845702843
333,3.2492591696580404e-05,-0.0016039783921753291,-0.00044384675127020584
334,5.9990497986878296e-05,-0.001603987238693323,-0.0004240985338942549
335,4.979131633363035e-05,-0.0016038503199079272,-0.0004541392276275481
336,9.147402555017267e-05,-0.0016036210696342053,-0.0003050659900801934
337,0.00017746519118379197,-0.0016038150644677486,-0.0005590248788880129
338,0.0002748915459474949,-0.001603572720261093,-0.0005763555164192557
339,0.000308517511964965,-0.001615626652822717,-0.0005342562173528818
340,0.00038099805258064157,-0.0016186813864332917,-0.00041250708505752645
341,0.0005089333623540136,-0.0016246019448969847,-0.00024812732958017956
342,0.0005070883877887872,-0.001624610849424377,-9.879910817688072e-05
343,0.00044284261950394894,-0.0016251345336966657,-0.0003052716687292353
344,0.0004252538427408262,-0.001625279346612218,-0.0003025322949459353
345,0.00028697399505846856,-0.0016249082268828842,-0.0005394099474687435
346,0.00021825386863020117,-0.0016255969028437422,-0.0003068011278481649
347,0.00023954268780433343,-0.001626139187484371,-0.00046778201337830495
348,0.00025902343348570137,-0.0016260933056881587,-0.00023125424848256766
349,0.00019683212707018928,-0.0016255556005280048,-0.00015654577458601372
350,0.00023958361781996706,-0.0016254556381560482,-0.0003174044229062509
351,0.0002606776254080716,-0.0016175767885330998,-0.00018902616503395638
352,0.00032282401492151523,-0.0016246108634477186,-0.0003657880363862681
353,0.00019324264663272595,-0.0016244958869143793,-0.00036713393027167947
354,0.00014325803137323537,-0.001623545026205596,-0.0004103784285338202
355,0.00017404223451709984,-0.0016233898391058625,-0.00034347127500506536
356,0.00015414183748358186,-0.001623616604189362,-0.00035368643271542044
357,0.0001483393555057448,-0.0016243502052195446,-0.0004760763007818641
358,0.0001594400709091231,-0.0016237431125549196,-0.00038046433451351537
359,0.00026417781546823297,-0.0016238066010681223,-0.00031804966866983255
360,0.00031124329597332197,-0.0016238018346028682,-0.0004409867130691933
361,0.0002001743706537055,-0.0016228316177252277,-0.0003921112861191584
362,0.00016544388169168915,-0.0016185393057764463,-0.00032872635586606404
363,0.00027038269319231773,-0.0016187511477444294,-0.00048315017587998766
364,0.000296381240287481,-0.0016185288381371286,-0.00021876658372483316
365,0.00031106630313662966,-0.0016189032289515922,-0.0004380408334934236
366,0.00042624002773601285,-0.0016189256652236381,-0.0003040055485982897
367,0.00042150154876100464,-0.0016123964494922632,-0.00040136056206219227
368,0.00025852197276562885,-0.001611439444592854,-0.0002640369399232665
369,0.00029755539227415074,-0.0016115294925080717,-0.00030334202273682974
370,0.0002002376911272699,-0.0016115112809917957,-0.00030700680012608563
371,0.00015736994589202698,-0.0016104277652300475,-0.0004636913827652661
372,0.00017017714200233286,-0.0016108525919209832,-0.0003097674577386788
373,0.0002915263423853608,-0.0016101644624590852,-0.0004301044228144865
374,0.00023536296884380567,-0.0016113288275788644,-0.0004514849349966471
375,0.00019761482433046232,-0.0016116336214905172,-0.0004674662206595259
376,0.0002715874131548712,-0.0016115213058454552,-0.0004923315909747655
377,0.0002681248454172581,-0.001612126164939502,-0.0003867298233050529
378,0.00026163228866480124,-0.0016120539468077548,-0.00035224826489694714
379,0.0003523119271006798,-0.0016443595201983726,-0.0005326470169377304
380,0.0004903173395561639,-0.0016448486144861536,-0.00026424091849240833
381,0.0004356514164665199,-0.0016451053741437342,-0.00037015970185381465
382,0.0004812824479471045,-0.0016456811031196907,-0.000411819607311878
383,0.0005365495674877161,-0.0016458565380188172,-0.0002509097587234364
384,0.0004215711277754766,-0.001645698979156643,-0.00022145029808226586
385,0.00027514619826485656,-0.0016448519158521113,-0.0003287338579379306
386,0.0003105144267254469,-0.0016452051345702805,-0.00036904696347305475
387,0.00024115404831298847,-0.0016454765154057356,-0.000552736172464047
388,0.0002494617402243857,-0.0016462211718310652,-0.0006038778431027547
389,0.0001567796170442293,-0.0016219763245878807,-0.0003545359988501297
390,9.563568665233041e-05,-0.0016212369540065618,-5.63388141381512e-05
391,0.00011677810382952225,-0.0016281420504153897,-0.0004379759088705313
392,5.645967813895311e-05,-0.0016275017805632353,-0.00025516814431654754
393,2.9176010302713428e-05,-0.0016274968741012501,-0.00039037284602709815
394,0.00010596754375447886,-0.0016274781329263912,-0.0005096470737852793
395,0.00017857614199007232,-0.0016268801225484844,-0.000301208712766122
396,0.00014302998132164463,-0.0016263677241436178,-0.0005237462279702339
397,0.00019586465791947958,-0.001626472451535132,-0.0004092681358866762
398,0.000284082259090569,-0.001641841436771288,-0.0005303943744037515
399,0.00024228897035277733,-0.0016421165923734208,-0.0003754476310816963
400,0.00028755489283121855,-0.0016411580093074062,-0.00030832174711986306
401,0.0002491067652200763,-0.0016419076757765894,-0.00034208354723011915
402,0.0002957679148719269,-0.0016422364981474966,-0.0005474548106576219
403,0.0001799878692095413,-0.001642151436811708,-0.00040030971257107913
404,0.00033103064135592335,-0.0016427127428266161,-0.00038044778387586446
405,0.00020513124676267987,-0.0016420336412931297,-5.089045593634076e-05
406,0.00025531466850360363,-0.0016425176973838638,-0.00037488322575256937
407,0.00018484788959511142,-0.0016419198009763108,-0.0003138907279839677
408,0.00010197581449252223,-0.0016110282092985436,-0.0003757662320544506
409,3.404699646229038e-05,-0.0016344141052702526,-0.0006394859853772547
410,0.00014086310730874327,-0.0016340927409970024,-0.0003740133160519926
411,8.584300179977392e-05,-0.0016339917057627237,-0.0003493928105283596
412,7.795317691208362e-05,-0.0016337529960552496,-0.0003938930428160303
413,0.00017533012666140068,-0.0016339855193741378,-0.0003377283824291116
414,0.0001683909515539363,-0.0016345963270172222,-0.0005763782541128468
415,0.00015376289075420994,-0.0016339903314822814,-0.0003529532248747872
416,0.00019195727020907517,-0.001634223386542971,-0.0003860198773655684
417,0.00026645873286264293,-0.001633754891090419,-0.00027055885457704423
418,0.00024333888328698263,-0.0016336156466587883,-0.00034730713971466
419,0.0002481493486141425,-0.0016235752215600268,-0.0003894794515179175
420,0.0003693291109110416,-0.0016320003311278428,-0.00037098670842434925
421,0.0003476799663962193,-0.0016324461269839636,-0.00023787836164465895
422,0.0002262199968841102,-0.0016328229944435775,-0.0003482860480345224
423,0.0003375379573775906,-0.0016328761515060977,-0.0003204343456628139
424,0.0003258784283672812,-0.0016325642212384282,-0.00027058941218068374
425,0.00014239560810540243,-0.001631833256597749,-0.0003097705747901557
426,0.00013425200522731214,-0.0016314545856207893,-0.00029662456507548233
427,0.0002030105630514335,-0.0016310634539543317,-0.0002812574791301064
428,8.485301246137482e-05,-0.001631336667794948,-0.0005234960500155051
429,0.00014561148877952277,-0.001649001878386558,-0.0006935870091583712
430,0.00018823116008821874,-0.0016478670431038314,-0.0003800687085054
431,0.000143909507841082,-0.0016475577673253925,-0.00035153790189063966
432,0.00011608690478723518,-0.0016477350416669852,-0.0004129565713299142
433,0.00013307951996950154,-0.001648106579085342,-0.00012053407076598389
434,0.000125361385803942,-0.0016487736559150543,-0.0005741465107037086
435,0.00023642588805674981,-0.001649814267718303,-0.0005848201271895008
436,0.0003493192885231224,-0.001649456722309767,-0.0005832440066511493
437,0.0004724123888653952,-0.001649961680225686,-0.0004144082978223939
438,0.00048385268430645585,-0.0016497448661649562,-0.00018492303912067909
439,0.0003775571356538078,-0.0016356480208969363,-0.00027678935612854733
440,0.0003410431666657688,-0.0016481274166039407,-0.0003863613711000861
441,0.0002859293218753649,-0.0016480088949723313,-0.00025988163079818355
442,0.00010214595530962876,-0.0016479464957938313,-0.0005019148297990834
443,4.615961242438562e-05,-0.001647229556898507,-0.00046139200223072437
444,8.147901113918479e-05,-0.0016468562984480527,-0.0003717579859688894
445,9.588847074654267e-05,-0.0016474463818515579,-0.0005869701726176585
446,0.00010421918178733792,-0.0016470298888886688,-0.0002773129764880383
447,0.0001321770181770399,-0.0016465024392742992,-0.0004908700784445959
448,0.0001430181616383414,-0.0016458797587741028,-0.0004681006349319284
449,0.00012993684936722267,-0.0016454697618552123,-0.00022475740049757699
450,0.0001015495223641032,-0.0016165604656983728,-0.0008260667645369289
451,0.00013586605713681213,-0.0016170647248594518,-0.0002552279108655351
452,0.00020078728491426618,-0.0016171115155849073,-0.00027322083031193907
453,0.00032126790233881014,-0.0016169807725981257,-0.0004445161991100897
454,0.0003576121894352015,-0.0016219576229962356,-0.00045335494582376886
455,0.00021736261715391884,-0.0016217505164553114,-0.00047302751485491846
456,8.305159150338183e-05,-0.0016217506559833685,-0.00030861965175130337
457,9.283569692886867e-05,-0.0016222575105091855,-0.0003852233534122061
458,7.215421293801524e-05,-0.001643600157067224,-0.00031758440331827053
459,0.00010599455219513206,-0.0016439824718342078,-0.00016758473928279714
460,0.00025366898699068365,-0.0016443227953393232,-0.00023065483312829325
461,0.0003656475975788901,-0.0016439445951550251,-0.0004910118267985865
462,0.0003475720632883471,-0.0016435820393599138,-0.00038849593475741973
463,0.000420202640880812,-0.0016442656850269542,-0.0004530327939745615
464,0.0003276939218973975,-0.0016432492528114953,-0.000458649372183255
465,0.00030453686948625486,-0.0016433868062645947,-0.0005818461886130232
466,0.000251659897181922,-0.0016431538476389593,-0.0004356966030409831
467,0.0002089531203895726,-0.0016429924102863986,-0.0003495160041674777
468,0.00017661237726126678,-0.0016227653978471922,-0.00047827629881423814
469,0.0002728317665556157,-0.0016229030430941148,-0.0004578652278593204
470,0.0002994176528933481,-0.0016226126144496889,-0.00020609862858788608
471,0.0003310419125258098,-0.001623150221599491,-0.0005104148794279302
472,0.00036751871553888113,-0.0016230734697912693,-0.00020420267697777257
473,0.0002547932880336183,-0.0016176668930717318,-0.0004559720344540883
474,0.00020637828473577598,-0.001617374924950565,-0.00039533502017805163
475,0.00021780919569853947,-0.0016172266666744305,-0.0001871930809021849
476,0.00025275834483109213,-0.001617676427120334,-0.00035143147709937425
477,0.0002495190681635438,-0.0016169802305783082,-0.00039152734249630103
478,0.0003195512794958031,-0.001617431305531586,-0.00017310931316116192
479,0.00023619566193051338,-0.0016155375773734407,2.9180894911672722e-05
480,0.00022601421253971342,-0.001615716699448283,-0.0005890431129741498
481,0.00019918098398893878,-0.001613837668940215,-0.0004111035334272065
482,0.0002309540241913584,-0.0016133290403535629,-0.0005453233060071476
483,0.00017736980947004137,-0.0016129201580776715,-0.0005869127180211742
484,0.0002878366124229207,-0.0016131942982665504,-0.0005630753558449188
485,0.0003178560588841821,-0.0016135791949352814,-0.0005960364989708182
486,0.0003547519378909478,-0.001624121490326357,-0.0005336649188023966
487,0.0003278697325307066,-0.001623492036998422,-1.246645502437255e-05
488,0.00034632698999651596,-0.0016232908964811164,-0.0002611876135050483
489,0.00024228993054983098,-0.0016226581115819456,-0.0006832712914272994
490,0.0001634139600198691,-0.0016218912142271055,-0.0001600359046171669
491,0.0001445665584873046,-0.001622412226847692,-0.0003541339715688206
492,0.0002887420189440213,-0.001638346912527322,-0.00040324554316799647
493,0.00020782965428402982,-0.0016376570659503648,-0.00026096389684004127
494,0.00023350642035628951,-0.0016377675033972037,-0.0002464758837060758
495,0.00030565646101512876,-0.001638084134378531,-0.0005177762903532256
496,0.0002972196053988995,-0.0016382467611539045,-0.00034226054000836517
497,0.00020758179237478764,-0.0016381853239115698,-0.0005446586964408525
498,0.00026206740837081166,-0.0016370419379711362,-0.00025050500302716125
499,0.0003076766203146985,-0.0016368371768059463,-0.0004036725453115496
500,0.00027219855550628005,-0.0016370120509915677,-0.00044079638392398226
501,0.0001661475513198163,-0.001636294827805066,-0.0003719456908499974
502,0.0001924823854153103,-0.0016035910283806118,-0.0003869791264767526
503,0.0002971202085175502,-0.0016317077477033036,-0.00028986996321405013
504,0.00031575337117815776,-0.0016321487726350665,-0.0002787821207635221
505,0.00024790720357581545,-0.0016325355829837661,-0.0005000777166856301
506,0.00041233224778547547,-0.001632783212217895,-0.0006510269059928503
507,0.00033788512158560054,-0.0016325535992212552,-0.00039531213875243677
508,0.0002138832640410418,-0.001632352508939356,9.86358154864695e-06
509,0.00019165608532576938,-0.0016322496287660073,-0.00026013008910402995
510,0.0002768551904391518,-0.0016330162627005282,-0.0004283636344785091
511,0.00022729177451106684,-0.0016329126791026715,-0.0003497762484080001
512,0.0002920212450225842,-0.0016328795002687948,-0.0004729857189028592
513,0.0003416236015726852,-0.0016358709631056787,-0.0004420036467576095
514,0.0003621600450372871,-0.0016358800179955431,-0.0002966749651097931
515,0.0004258371908392361,-0.0016368135519958063,-0.0004645766833959937
516,0.00039836081311665306,-0.0016366793771987141,-0.0003125030758154029
517,0.0003347802493069373,-0.0016368604700617536,-0.0004888145248982015
518,0.0003037467660648032,-0.0016364258957566173,-0.000505945829383545
519,0.0003226797191539456,-0.0016368931170631423,-0.0003575813571845842
520,0.0002499788997402908,-0.0016366872762431054,-0.000306862565117428
521,0.00025519317208484943,-0.001636653476057227,-0.00030058324526024234
522,0.0002517580368039739,-0.0016366105422697041,-0.0004716908473501812
523,0.00022769027336297772,-0.0016358978446593855,-0.0006783520620473468
524,9.496000057302835e-05,-0.0016356190845441465,-0.00033316475172943103
525,-3.149776199936478e-05,-0.001634173711573606,-0.00019256829759899843
526,-0.00010243528265031807,-0.001633673623454506,-0.00028511546995699136
527,-0.00011892823007149294,-0.0016337668660188565,-0.0005123277179193932
528,-0.0001358499882701741,-0.0016333536335127342,-0.000365001004918574
529,-1.748422814783749e-05,-0.0016331379100003353,-0.0005734922424144062
530,0.00011591400191372875,-0.0016327129017565908,-0.00025954430507803825
531,0.00020438995494429448,-0.0016329596772899945,-0.0004083283875483075
532,0.00021303662095895838,-0.001632898669210811,-0.0005036492123197646
533,0.00026394180409222093,-0.0016127596982162492,-0.00040502308085457755
534,0.000257078567891964,-0.0016124038200659569,-0.0003387250391096979
535,0.00022157878922154513,-0.0016127732845118592,-0.0006614803634124903
536,0.00022986704768259626,-0.0016129010132629328,-0.00036643783734535755
537,0.00030424081816085634,-0.0016145558858560462,-0.00032054172726229274
538,0.0003025527842734049,-0.0016142969060253666,-0.0002677186687655699
539,0.00029065883429245734,-0.001622496565575747,-0.00045132894184417717
540,0.00017082015440018412,-0.0016212717247437753,-0.0003380159902075478
541,0.00018898233144448015,-0.0016214491730749442,-0.0006534060542818582
542,0.00013790031812724912,-0.001621598777375134,-0.0006806311837198349
543,3.5822925361515824e-05,-0.0016202937568978986,-0.00031113827390318396
544,6.635293886408634e-07,-0.0016199422429190311,-0.0004352549440753075
545,0.00010830474776262755,-0.001620256122850857,-0.0003689042361067856
546,7.436092419704746e-05,-0.0016205848803517926,-0.0003925276680072986
547,8.08918765565657e-05,-0.0016204685806924892,-0.0005083829095998742
548,0.0002809057580230145,-0.001667746163528667,-0.00028624506202647713
549,0.0003968373239761928,-0.0016677976924710895,-0.0002336404187047913
550,0.00039161703663817565,-0.0016679979993959964,-0.0003117485021769963
551,0.00040346495895398065,-0.0016683623274257667,-0.00045858350227655117
552,0.0003276419089336183,-0.0016678880347366614,-0.00027198872460310617
553,0.00025868601257065263,-0.0016679536135603172,-0.00043116331527589104
554,0.0002076822963695257,-0.0016677177670636632,-0.0003789431086594946
555,0.00018774536124148945,-0.0016671870518572352,-0.0001602311923296354
556,0.00016065105833108122,-0.00166733692125345,-0.00036443424260236464
557,0.00019661531927352345,-0.0016668395569007378,-0.00020615929343180422
558,0.00014456509840920977,-0.001608957909707433,-0.0005633996261753553
559,0.00015907102489850906,-0.0016365586193102031,-0.0005784511128606842
560,0.00011456082551169106,-0.0016360308447055487,-0.00048307565764682715
561,0.00016963350830881692,-0.0016354702762562854,-0.0004154580172905857
562,0.00017830806402537974,-0.0016351992284364862,-0.00018099574901827046
563,0.00020205356653690137,-0.0016358675306439965,-0.0004464093199600502
564,0.00016646306250967113,-0.0016364835860485265,-0.0006433277127117564
565,0.00037661974200315105,-0.0016366910560760201,-0.0006269330263876706
566,0.0003312076361466429,-0.00163650162946924,-0.0004946947748321684
567,0.0003936883399024898,-0.0016366098369930675,-0.00033700802976694517
568,0.0004920873976771027,-0.0016373444903622619,-0.00030658069538531333
569,0.00048550203429042213,-0.0016259434751573476,-0.00045100636544394713
570,0.00033298947678214215,-0.0016255241392787885,-0.0004132104363950994
571,0.00030575520311056277,-0.0016251633507246277,-7.06451629739485e-05
572,0.00022414553652076857,-0.001624987967724647,-0.00048073723943518225
573,8.630258561702704e-05,-0.0016248210236709602,5.7416805213721784e-05
574,0.00010462016231606105,-0.001625241330005271,-0.000705581723200274
575,0.0001423799815199338,-0.0016249383087860322,-0.00048483257959398634
576,0.00016296830730794167,-0.0016246644696607318,-0.0005346360060053754
577,0.00019045149807092972,-0.001624885561979074,-0.0005000389063436177
578,0.00022302082143929903,-0.0016118370554837828,-0.00043181710757256146
579,0.00024644004810280636,-0.0016118883590721823,-0.0004887149561111085
580,0.0003058357912612176,-0.0016121642617035275,-0.00011468595175200902
581,0.00028369623532305163,-0.0016117493926213408,-0.00037630598624534555
582,0.0002735252393429595,-0.001611420547454632,-0.00031280148173679133
583,0.000321132185807432,-0.0016241304518129986,-0.0004317643097235818
584,0.0002938562953029873,-0.0016242669372255499,-0.0006544786119164734
585,0.00014382486710139313,-0.0016239505322760636,-0.0002829817693391159
586,0.000127268804108453,-0.0016237196782768891,-0.00017936891018197672
587,0.00017481083255142566,-0.0016242939934111474,-0.00027605681100337253
588,0.000155881591235913,-0.001623695388167551,-0.00030364172068257596
589,0.00014028254400204576,-0.0016237043915420593,-0.0005872309432605657
590,0.0002514679829608169,-0.0016237979643901003,-0.00047477675349003485
591,0.00022628335702200503,-0.0016234831460300333,-0.0003084627163986818
592,0.00021256830833464642,-0.0016235202609053802,-0.0003535380094231697
593,0.00019220840141128166,-0.001617229804805298,-0.00025738121132834804
594,0.0002428150769523414,-0.0016210933811465751,-0.0004471110179390383
595,0.00016467769090217424,-0.0016204019060328968,-0.00038094610707108513
596,0.0002701857420960552,-0.0016203969086155603,-0.0003603294415478691
597,0.00024131001848557397,-0.0016203671034807827,-0.0004967910711015926
598,0.00024137140056097462,-0.001620306316105511,-0.0003644645977587833
599,0.0002121566215058934,-0.001620692514232092,-0.00045315416629555306
600,0.00028212750967418493,-0.001620673495324099,-0.00032672538189781555
601,0.00020218900762982762,-0.0016209206692009385,-0.0003280065495095021
602,0.00028707575324726727,-0.0016213655113608175,-0.00040625041722203734
603,0.00036725060185029726,-0.0016458286318359477,-0.0003663046135739638
604,0.00032110064148584675,-0.0016458234127101814,-0.0003311943058149197
605,0.00027833379696949053,-0.0016454339034756643,-0.00029765035600656445
606,0.00032109971000167294,-0.0016452300613819888,-0.0003122265857131629
607,0.00018795926469153873,-0.0016453383765260186,-0.0002533147087014849
608,0.00017022542299815292,-0.0016458025851555807,-0.0004571582213327696
609,0.00020786469593308407,-0.0016460114342486468,-0.0005229756397589089
610,0.00018594897906886376,-0.0016457494159762157,-0.0002713523453435676
611,0.00020976949260726623,-0.0016461296103835983,-0.0006634139420809383
612,0.000297223644318404,-0.00164582452573807,-0.00046448137643413423
613,0.00024921630302064213,-0.001615309686026003,-0.000504808996373918
614,0.00021999237299603737,-0.0016152901483807347,-0.000360229476019671
615,0.00021527501124371943,-0.0016150991845683225,-0.0002957972778969491
616,0.000250863929888651,-0.0016305741775512759,-0.00037702767585175276
617,0.00020798890645843727,-0.001630568874137394,-0.0003821568342365825
618,0.00017894459082109328,-0.0016307940454614765,-0.00040525100510493457
619,0.00020282684705206152,-0.001631309193681554,-0.0003366037093346541
620,0.0002596029597229302,-0.0016316522782467667,-0.0003548552542297366
621,0.00016709318879271456,-0.0016310668490074288,-0.00021938578985121528
622,0.00016562266519686106,-0.00163142358644441,-0.0002916126330010382
623,0.00021690698899022646,-0.0016314327174154846,-0.0003516977630617213
624,0.0002303764829523063,-0.0016311520408114832,-0.0003071780639850156
625,0.0002013529499392302,-0.0016307712431664126,-0.000260129760288109
626,0.0002340038549108661,-0.0016183304773937286,-0.00043394529008944317
627,0.00030068282936306095,-0.0016182386109712928,-0.0004105494435563565
628,0.0002989242025587939,-0.001618334250742917,-0.0004237253209947523
629,0.00024396152527761047,-0.001611868476334677,-0.00039597853958916324
630,0.00028864061883633754,-0.0016116170434914898,-0.00028172974664483714
631,0.00021331428469536072,-0.0016110524331757116,-0.00030405458647559823
632,0.0001243508382216751,-0.0016013496660510155,-0.00035001883200741377
633,0.00011887381223001629,-0.001608652831743748,-0.0004609935717343507
634,8.693447423347754e-05,-0.0016085474529984106,-0.0004395122993794577
635,-1.638273487814223e-05,-0.001608199713065687,-0.00037529389983163744
636,5.6017715069745606e-05,-0.001619765473454409,-0.0005202369866773929
637,0.00011402140012903541,-0.001619745890085051,-0.0003224974300466033
638,0.00015079719883231898,-0.0016202264779191042,-0.0004720385939203014
639,0.00018356630236368414,-0.0016204084354454601,-0.0004096955621725757
640,0.0003534952974761378,-0.0016230508851633432,-0.00047006821175719677
641,0.00035858506555343374,-0.0016233214900926898,-0.0004046443438635571
642,0.0003092738112242185,-0.001622967640375871,-0.00021525745013745387
643,0.00015834902070200368,-0.0016229043153730143,-0.00017654074279293435
644,9.310581336389534e-05,-0.0016222925643223263,-0.0002733298472078893
645,3.9757804138497305e-05,-0.001622244086602656,-0.0004245607151427674
646,-3.789722631197228e-06,-0.001621732198104847,-0.0005327495930449655
647,2.043060160987044e-05,-0.00162175557348212,-0.0006067245904432509
648,7.251859061167666e-05,-0.0016214075223746057,-0.00042490547954366443
649,0.00012725101335155797,-0.0016210606788916728,-0.00040488910737998123
650,9.694650317538543e-05,-0.0016068763818466371,-0.00031179858091283483
651,0.00017564840992726868,-0.0016276681373933017,-0.00043840685039234326
652,0.00015913425147533539,-0.0016272634738598221,-0.00042925150308848815
653,0.00015469676331834946,-0.0016267612887547855,-0.00034904916154734694
654,0.0001799040475890083,-0.0016268553358367252,-0.00031128323768187357
655,0.00020641696630223962,-0.001627447360673421,-0.00039261548821580266
656,0.00018449458468448393,-0.0016275562911967838,-0.0003139843050952503
657,0.00024290681199635815,-0.0016281811178389186,-0.00041133002329102455
658,0.000244852733449878,-0.001627731551225015,-0.0002566496651292278
659,0.00023824730980154642,-0.0016275120715054366,-0.0003069534024449588
660,0.0001734774192981621,-0.0016268527694111134,-0.00031721354964682637
661,0.00017494293170571286,-0.0016208836404386997,-0.000518798577497673
662,0.00018121081764897403,-0.0016212608014948434,-0.0005976129762770158
663,0.000194959905958966,-0.001621284020740819,-0.00028264594525503244
664,0.00018019625594178237,-0.0016203609615711384,-0.00015246301087412339
665,0.00025000409346594447,-0.0016208911812934381,-0.00044571877417562227
666,0.0002913774782570528,-0.0016209708238000145,-0.0004235515832550172
667,0.0002662910935634534,-0.0016146187321287972,-0.0005018290305985594
668,0.0003047238601165312,-0.001615005004927182,-0.00033188942866815895
669,0.00035477316947319683,-0.0016153700460526264,-0.0003812022338391957
670,0.00032641937749730554,-0.0016204684481637165,-0.00047353083852651954
671,0.0002628853371445369,-0.001620592667539207,-0.0005812360087479615
672,0.0002394476108489448,-0.0016210202180323762,-0.0003351502040782893
673,0.0002711299636472415,-0.0016214060417358183,-0.0001330776336252509
674,0.0002660108124762134,-0.001625403983944584,-0.00021935120428900754
675,0.0002576222615662558,-0.0016253839263757981,-0.0001499709384943483
676,0.00026266050069974096,-0.001626140076563396,-0.0003855659438433618
677,0.0003449158107370444,-0.0016260610729229225,-0.0003460208135881588
678,0.000326417029330503,-0.0016261143337036913,-0.00044840490156873456
679,0.00023539038934243626,-0.0016254496575356253,-0.0004234633637445654
680,0.0002354342144274414,-0.0016256791118442538,-0.0005313369258567588
681,0.0002521963763993629,-0.0016261723280781685,-0.000244469082088049
682,0.00016441413964995874,-0.001625478150501711,-0.0003480637644251552
683,0.0002347548188496624,-0.0016298861212177842,-0.0003332843743018226
684,0.00030270380306048484,-0.001629481783964584,-0.00029639643044079427
685,0.00027064451552861703,-0.0016294173605816888,-0.00034449459572750757
686,0.00029923491230871463,-0.001629631208940911,-0.0004867134464395553
687,0.0003110798662968486,-0.0016294165962563824,-0.0003777401370654391
688,0.0001926041620126315,-0.0016293666677348446,-0.0005424913296057708
689,0.00020951147506826707,-0.0016297122360281143,-0.0002397186634415493
690,0.0002283803764172666,-0.0016297208560799772,-0.00044828877715654065
691,0.00015392237937065666,-0.0016294352823367228,-0.0005782140534820772
692,0.00018591095170027795,-0.0016297422734340213,-0.0003178205530579655
693,0.0002350377887703952,-0.001613769842142279,-0.0006375846241924784
694,0.00020627753629770583,-0.0016138527073342069,-0.0004107004342012422
695,0.000246903782303403,-0.0016137735208639765,-0.0003690976367154327
696,0.0002875646482169145,-0.0016140182304452634,-0.0004905240580201306
697,0.000270570372394094,-0.0016133653769775365,-0.00019996011265316837
698,0.0001405131086499836,-0.001612818865528422,-3.145173951047607e-05
699,0.00016086452852116068,-0.0016120890295715595,-0.0003253421835138703
700,8.191200555396485e-05,-0.0016116338764699488,-0.0006100523168729538
701,6.999697821626993e-05,-0.0016113972088491234,-0.000465777278484619
702,4.1432818934047805e-05,-0.0016083279158587245,-0.0005900414507146223
703,0.00019189562353722547,-0.001607864543736137,-0.0005004449985745361
704,0.00020358012744832113,-0.001607801493573709,-0.0003722863916700175
705,0.00033485718101642714,-0.001607608810635518,-0.00018063913497458182
706,0.00029105535310213724,-0.0016058304420633615,-0.0006138020706813433
707,0.00031124190442967007,-0.00160581069668448,-0.00035108949248951744
708,0.00031289017056158793,-0.0016205505923534078,-0.0005664414715814033
709,0.0002724138720976312,-0.0016209718835589297,-0.0004156073297928995
710,0.00019801721938650775,-0.0016213461655272229,-0.0004791434844279533
711,0.00023874584601087518,-0.0016212383527078485,-0.0005030012489196666
712,0.00021686954932557023,-0.0016208245638542741,-0.000252019629122024
713,0.00019970340600125423,-0.0016290349499246796,-0.000604550629717666
714,0.00022180370847552262,-0.0016290587945594383,-0.000301023114351589
715,0.00020500341784657019,-0.0016288336362847776,-0.0003369891242404506
716,0.00019998343995925196,-0.0016290331798802973,-0.00029702096372640944
717,0.00020351500748476956,-0.0016296820956844473,-0.00022477462283209264
718,0.0002755771132977642,-0.0016296323110728277,-0.00035676454353984093
719,0.00028742142264442835,-0.001629111969028185,-0.00033184480679527184
720,0.0002823899634045812,-0.0016286819891707894,-0.00042615083025776014
721,0.00028578100651313577,-0.0016292331130483009,-0.0004827435384137515
722,0.00031789942034516554,-0.001629301083010407,-0.0004992570052841764
723,0.00022469901577969818,-0.0016271698407243147,-0.0003506872711556186
724,0.00017564569649745787,-0.0016266365243940001,5.631165404947308e-05
725,0.00011541510702348951,-0.0016261497548064206,-0.00013202431156175324
726,0.00014896211175063063,-0.0016264211662456204,-0.0007657213523970951
727,9.845168807136911e-05,-0.0016218477656044679,-0.0004193641100036989
728,9.333011795432068e-05,-0.001621754541273083,-0.0007581230925211135
729,7.23666630208403e-05,-0.001620803364735714,-0.0005846481308514703
730,0.0001471021882416244,-0.0016203357686213455,-0.0004091513894768391
731,8.01802567087416e-05,-0.0016105229247359062,-0.0006993425678714291
732,0.0001172838485666894,-0.0016107047534963295,-0.0006413950939880703
733,9.571217534738968e-05,-0.0016107282703185706,-0.0003582873897559917
734,0.00015636531890747237,-0.00161820973191226,-0.0004940748989292658
735,0.0001531898802785806,-0.0016181464630389748,-0.0003276573860275418
736,0.00018840609464939245,-0.001617924264237372,-0.00024079048789503698
737,0.00021653503483460128,-0.001617529846691229,-0.00038629430536372636
738,0.00030643616528938276,-0.0016169795855179945,-0.00029303571450686906
739,0.0003114401827300685,-0.0016171031414139415,-0.00036779343893516734
740,0.00030476492250142536,-0.0016169732652727622,-0.0004662540116766342
741,0.00031476674634358856,-0.0016172543600599513,-0.0005398539748505344
742,0.0002863581647882895,-0.0016171201599006694,-0.00040513478043411325
743,0.00024269496848857916,-0.0016172438397531721,-0.00041852312484960853
744,0.00023264344787196604,-0.001608664676706315,-0.0003824892281368187
745,0.0003030195936144155,-0.0016179948926617217,-0.00036085305158202084
746,0.0002996441027123822,-0.0016181622422965104,-0.00019061182331559643
747,0.000296273973960329,-0.0016183010159705228,-0.00038348940904754024
748,0.00028781640475744727,-0.0016183389624082297,-0.0003740546560756623
749,0.00029287044736404824,-0.0016293999712441065,-0.00036881017186762773
750,0.00021541121896796544,-0.0016289451577327558,-0.000446062130746914
751,0.00019358253649387377,-0.0016290266439235059,-0.0003344820617774059
752,0.0002539457234618574,-0.001628775533471389,-0.0005065847819502963
753,0.00026901252602911014,-0.0016291318229375168,-0.0004456621363762324
754,0.00025383414791156053,-0.0016293585748957393,-0.0004331308241884575
755,0.0002960936437320503,-0.0016293677128967428,-0.0005199188425373323
756,0.0003096134327752876,-0.0016294640582108456,-0.00020477579642094238
757,0.00022346790337481393,-0.0016293279261114571,-0.00042124101427557696
758,0.0001996344065092075,-0.0016294969143325765,-0.0002666647343987124
759,0.00021663070007507697,-0.0016135514692639053,-0.0004075861701082769
760,0.0001996641315376535,-0.0016136479858930755,-0.0004278624788286788
761,0.00023002575078914463,-0.001612830329947069,-0.0003847353677951272
762,0.00024200720862126764,-0.001612421412924431,-0.0003598177879394676
763,0.00014266590239571383,-0.001607063404463171,-0.00028071918178409073
764,0.00011759345844928854,-0.0016065941421675603,-0.00044744865601968376
765,0.00019624424525791778,-0.0016064880449328913,-0.0005770531980580377
766,0.00015396858326909184,-0.0016085317440210573,-0.0005200625948550712
767,0.00015750516682024997,-0.001608714565137947,-0.00048098362011244754
768,0.00019207865565155043,-0.00160774717566869,-0.00036315301243054266
769,0.000229066982436828,-0.0016072707002071686,-0.0004637873869937863
770,0.00013480337940370465,-0.0016164937203927158,-0.00015798109781892773
771,0.00014170295752629836,-0.0016163597706542175,-0.000513940627158319
772,0.00015352373438477253,-0.0016173698388745835,-0.0008005484919496305
773,0.0001675678238073909,-0.0016173358625931643,-0.0004199116718480388
774,0.00016410754972964292,-0.001616858027156987,-0.00043317026606404555
775,0.0002025929877176344,-0.001616614996807662,-0.00017235470585288818
776,0.00021267370717405825,-0.0016163103546791868,-0.0002467375495896583
777,0.0002276743955496807,-0.001616305175312427,-0.00024152900765095434
778,0.0002630092882007771,-0.0016163284177116949,-0.00026850068559568794
779,0.00021959856949699377,-0.0016159686581404642,-0.0003078783745661883
780,0.00015457134345800116,-0.0016155972401792817,-0.00025831486841580736
781,0.00014461262005375163,-0.0016153951656839316,-0.0004385369503659005
782,5.012438068548273e-05,-0.0015960744123775887,-0.0002957242147176862
783,5.192793187587366e-05,-0.0015972628440043253,-0.0006003599529562674
784,8.555160931784971e-05,-0.0016092411167617534,-0.0007316370319390565
785,0.00014555439489796667,-0.0016209221168749493,-0.0005257310978353793
786,0.00011933980763358436,-0.0016210584740290715,-0.00023626500924628358
787,0.0002338858707018266,-0.0016380899084595698,-0.00038985626376720535
788,0.00027517727408566203,-0.0016381418937557325,-0.00034013605270407873
789,0.00029172655784573875,-0.0016382511744908001,-0.00040017403072412235
790,0.00027180302053589177,-0.0016376319881062707,-0.0003819749577076856
791,0.00031164862174833466,-0.0016375841122520805,-0.00042123547076997764
792,0.00028011241391958215,-0.0016376073811345362,-0.0002467142695707309
793,0.00022364350126246238,-0.0016376021957716304,-0.0003046304633607841
794,0.00020864273926608,-0.001637653930599687,-0.00030537711090077165
795,0.00023680139205565362,-0.00163791952631373,-0.0004937926338600613
796,0.00021357568326274716,-0.0016379999704040896,-0.00041763705532904457
797,0.00023009149534015488,-0.0016139186099029695,-0.0003214569741302723
798,0.0003132115256440233,-0.0016139276889787534,-0.0002597154073314497
799,0.00030487095188119024,-0.0016138794220988393,-0.0004581936673624501
800,0.000294832569286795,-0.0016140893674526458,-0.0005386006660748964
801,0.0003632928986600107,-0.0016408287200818997,-0.0004563131956091389
802,0.0003047626806000687,-0.001640808838062693,-0.0004348623221100746
803,0.0002812618850917019,-0.0016409195889334868,-0.0003149198119915467
804,0.0002997021574266487,-0.0016413800364575792,-0.00020870773747053728
805,0.00031309323036868893,-0.0016418133064867904,-0.00023509665163276878
806,0.0003096961497319332,-0.0016418078393940416,-0.0008024405613116599
807,0.0003366673562162377,-0.0016411160797509612,-0.000314145046306891
808,0.0003012981474171354,-0.0016410088815172373,-0.0004390901268071861
809,0.0002928491559537149,-0.0016412362987002207,-0.00042729267769378424
810,0.0002843499305226654,-0.0016420646884636096,-0.00024871478673067657
811,0.0002487303094893341,-0.0016340032565280342,-0.0002851519622834998
812,0.00023021921674783126,-0.001633602844658175,-0.00025005636783466124
813,0.00018977268375697882,-0.0016332622680804965,-0.00034124951494169303
814,0.0002048859958197032,-0.0016335190328942806,-0.0002843566167948267
815,0.0001693791071166006,-0.0016335865545019387,-0.0004972858671848098
816,0.0001406940977353646,-0.0016335811295251819,-0.0005387779774418781
817,0.0001931053231615546,-0.0016339850992915126,-0.0004418547078338993
818,0.00019177843422424755,-0.0016341409197597537,-0.0005300664353661145
819,0.0002117533207689088,-0.0016371119468594037,-0.000352552368248154
820,0.00019676536769605403,-0.0016369506241822164,-0.0001494211592628573
821,0.0002775367287354249,-0.0016372706971974423,-0.00041646324376295725
822,0.00024034831541878255,-0.0016372799470455372,-0.00021739464983176916
823,0.00032821472708352106,-0.0016384405303970372,-0.0005966803750796657
824,0.00034858426897634677,-0.0016380615981283105,-0.00043289379996446127
825,0.00037738460671703114,-0.001638862782010657,-0.0004259588117033226
826,0.00024851101516886343,-0.0016385271283448001,-0.00041970496087464343
827,0.0003213463520212009,-0.001637820330079822,-0.0001226188831241778
828,0.0002703406999901898,-0.001637177700830682,-0.00023356933019531238
829,0.00023440394018390062,-0.0016374811102239082,-0.0002579495788263077
830,0.00024291998621265424,-0.0016371506577713673,-0.0003459691307221033
831,0.0005735389498322086,-0.0016378701706060773,-0.0004992605508060879
832,0.000539833753452561,-0.0016528318799458608,-0.000908330802994682
833,0.0005852338235706881,-0.0016531424349951513,-0.00055364682746759
834,0.0006964763602264737,-0.0017639304819153851,-0.0006785395992448406
835,0.0005799805237166946,-0.0017644432306921668,-0.0005348686161366128
836,0.0005023403432142185,-0.001765802199523447,0.00020916718454263393
837,0.0006440710500799888,-0.0017676840786338425,-0.00029594475444643645
838,0.000865502522879957,-0.0017714312194287503,-0.0006768030792661944
839,0.0007362017503952626,-0.0017719295858819133,8.292049687693592e-05
840,0.000710344622440251,-0.0017712061259419494,0.000491602978655073
841,0.0006520729786968772,-0.0017702803452083911,-7.791624488461544e-05
842,0.00044212207722170774,-0.0017683004859269248,0.0004108041659658338
843,-6.884353336474708e-05,-0.0017682775245522135,-0.0003106382388239285
844,-0.00022822042318711868,-0.001764845432446782,-8.109061899817067e-05
845,-0.00012538531140051244,-0.001763161605662281,-0.0003222091686379702
846,-9.962544295861263e-05,-0.0017630604180797456,-0.0011968106012427637
847,-0.00014297356608850454,-0.0017637368739354846,-0.0008772892573234596
848,0.00021561278200616158,-0.0016485747564021335,-0.0009035334434671565
849,0.0003207578836708333,-0.0016487293968446592,-0.00046247457877511767
850,0.00041591056403258043,-0.0016529077400696342,-0.0005904434703882973
851,0.0001680679464965486,-0.0016514307902481067,-0.00036211376784914425
852,0.00014585866875177733,-0.0016501182544892779,-5.0374920669627696e-05
853,4.6596897121120405e-05,-0.0016491673381096356,-0.0002639027197824639
854,6.537255751429655e-05,-0.001647452789932746,-0.00023376687071229992
855,-1.196087690235663e-05,-0.001647308402976742,-0.0005424747631652901
856,2.7249103959895952e-05,-0.001646796556830718,-0.0004418794722169275
857,0.00011397584469762133,-0.0016458775668590012,-0.00031176964356503963
858,0.0003082823575325001,-0.001682771230958143,-0.0007725881177882358
859,0.0003136638483268927,-0.0016826418386666408,-0.000554832112405326
860,0.00025301089297716673,-0.0016820364293881063,-0.00031094476311964057
861,0.00043660058023148324,-0.0016824913034232843,-0.0004909868926800913
862,0.0005119350197349833,-0.0016833512392060955,-0.0005617240674672327
863,0.000254536400054446,-0.0016826797535960084,-0.00013552896122839744
864,0.00020265545637824673,-0.0016819516571597594,-0.0002830704839924834
865,0.0003013804120350912,-0.0016819304791570447,-0.0002306947559626108
866,0.00010965883098153558,-0.0016804980220924254,-0.0002113744087142338
867,2.1657840128550925e-05,-0.00168010103085539,-0.0005117978852074958
868,-4.0859327104629166e-05,-0.001637069446978561,-0.00037401908193448774
869,9.838724719574504e-05,-0.0016377350638693954,-0.0002377898482658114
870,0.00020619763675114677,-0.0016620407270871891,-0.0007307735485451168
871,0.00026198748394855157,-0.0016618832170929292,-0.0005701078051064225
872,0.0002567831724734988,-0.0016618319743387801,-0.00042089349569837507
873,0.0004570716841773423,-0.0016622969787758323,-0.0005350137412291356
874,0.00023891794423538658,-0.0016608557384443206,-0.00018414411303470436
875,6.78197144779791e-05,-0.0016602967289877596,-0.0001920382637571642
876,0.00014030490764938244,-0.0016609344060920519,-0.0005179963620846138
877,0.0002439121694828205,-0.001661199251127029,-0.00046849434486104425
878,0.00017363421056535106,-0.0016614346207031354,-0.0003841131025334596
879,0.0002857538203645785,-0.0016613233551204063,-0.0002992066939991088
880,0.00037859338140199694,-0.0016340540665980522,-0.0004879546693737224
881,0.00015025431886096544,-0.0016323776782926282,-7.35282974094974e-05
882,9.107335661611912e-05,-0.0016321782756263331,-0.00022740907032683567
883,3.0684913723315305e-05,-0.0016312833744087183,-0.00042628978453903654
884,0.00012683152182365915,-0.0016317510912823726,-0.00044930532481367666
885,0.0001119210575834717,-0.0016321614645877604,-0.0005787087067430951
886,0.00025937257096703804,-0.001632037475835266,-0.0003392099671847586
887,6.15526098245369e-05,-0.001630440918239092,-5.816663598648365e-05
888,7.801700274559856e-05,-0.0016308898572478495,-0.0006055603511661655
889,4.049359076841636e-05,-0.0016306642840909337,-0.00030406068150690374
890,1.3545444864036928e-05,-0.0016189839637128706,-0.0004627005468081667
891,-0.0001667820453425581,-0.0016170861925646764,-0.00021392963266170988
892,-2.119272441471879e-05,-0.0016156903447096306,-0.00038988089499909366
893,-2.2285009064558824e-05,-0.0016153491353772022,-0.00056193785512833
894,-2.9417731873117628e-05,-0.0016143619608492386,-0.0005347483655321137
895,-0.00011498447055119154,-0.0016140280952055275,-0.00043969987051874665
896,3.8472073601024235e-05,-0.0016132862570812988,-0.00040601108988361803
897,0.00011918990662142138,-0.0016299446417739748,-0.0005063889271958222
898,0.00013996296088350754,-0.0016294274752766368,-0.000463402527729054
899,0.0003381098627740128,-0.0016801914746791603,-0.0007808523482588075
900,0.0003742087406503665,-0.0016800302877463952,-0.0004627683845716147
901,0.00039986981068361395,-0.001679283532168751,-0.00012719626563776248
902,0.0003363037699562417,-0.0016797006131698711,-0.00036353976192026046
903,0.00036208158690038993,-0.0016797660426872763,-0.000298627591890689
904,0.000189859832078814,-0.00168021349054566,-0.000619526499629604
905,0.00023678975784598494,-0.0016804496038675975,-0.00045620124586052973
906,0.00016969372891749565,-0.001679412605069932,3.491808737755207e-05
907,0.0002266337591451745,-0.0016790987552896153,-0.00021489938267352834
908,0.00028677490502792034,-0.0016799521038068142,-0.0005671436370203902
909,0.0002537976167229033,-0.0016319798824186323,-0.00039210048486459464
910,0.0002936072535256424,-0.001632285377098695,-0.000611796971526812
911,0.0003457349803190122,-0.0016322661115329565,-0.0003664985141798413
912,0.00024190494096705697,-0.0016317390370689288,-2.016199581485523e-05
913,0.00016897862314626554,-0.0016315648503127324,-0.0002336753630133198
914,0.00014832484444958174,-0.0016314333557031434,-0.00044718012238313866
915,8.40762384118434e-05,-0.0016312179235102237,-0.00046209768880718844
916,0.00010517472570080755,-0.001630738605519855,-0.0005122434085473159
917,0.0002437396619604303,-0.0016310960012153558,-0.0003564505921471294
918,0.00014723656921315873,-0.0016099518472021171,-0.00030336910080148137
919,0.00023497926880641171,-0.0016101970754362823,-0.0005026346500075882
920,0.00026265258970328066,-0.001610407014280609,-0.00044856256731603145
921,0.000283378286575733,-0.0016105416774880252,-0.0006177951027599537
922,0.0002296278467811791,-0.001610049376429479,-0.00040261563820572334
923,0.00021472262644796578,-0.0016095878802109608,-0.00027935958636534253
924,0.000209039926905998,-0.0016163953374443618,-0.00044340063179134747
925,0.0002037904051461591,-0.0016160434344380217,-0.00030953614718316356
926,0.00014861007001525277,-0.001615761895719704,-0.00021833195020900913
927,6.973367251579595e-05,-0.0016142419666778933,-0.00033126353298632537
928,0.00013291467880995343,-0.0016140590216550976,-0.00048749829699484484
929,6.225296021704642e-05,-0.0016170436845590519,-0.0005084617814214602
930,6.216686690221965e-05,-0.0016169410239259396,-0.00041122162769664214
931,4.774014954285459e-05,-0.001616325549236081,-0.0003109816231399486
932,0.0001439345495915726,-0.001616196230468003,-0.0003976695112101232
933,0.00014108700071460326,-0.0016157631308348027,-0.00040375826482848064
934,0.00023266120925487645,-0.0016156713947364674,-0.0003789186551511306
935,0.0002173076438599575,-0.0016218253056961645,-0.0006216667551054672
936,0.0002551118200000239,-0.0016221135813544536,-0.0005478126300336041
937,0.0001616758849301595,-0.0016215956061676402,-0.000494431636322104
938,0.0001537717267749411,-0.0016211622558110642,-0.0003542988274942965
939,0.00010888582738787846,-0.0016206019902623812,-0.0003402038345183598
940,0.0001918253464383174,-0.0016367117965143331,-0.0006020744531222966
941,0.00018014599275713522,-0.0016368016327371053,-0.00033002299855140895
942,0.0002011585657189437,-0.001636891549756421,-0.00043603842167945977
943,0.00020162130800889852,-0.0016366295535691928,-0.00036572737450082623
944,0.00014079042980858815,-0.0016368004761992496,-0.0002452366238741949
945,0.00010955107813734754,-0.0016364982659300789,-0.0003624599021673464
946,8.824163081305698e-05,-0.0016359188647627593,-0.00036192566641572493
947,9.414684841824782e-05,-0.0016355637995174835,-0.00016541668627140845
948,0.00019352059170803655,-0.001636364128557219,-0.0007975149836106734
949,0.0001853655537379016,-0.0016362249117706097,-0.00019084267231755752
950,0.00013307379493558512,-0.0016264534267305761,-0.0007073476615368175
951,0.0002240284225555794,-0.0016264217487731093,-0.00042899606392715454
952,0.00022434933745507304,-0.0016259861125912489,-9.455208530314858e-05
953,0.00014880281743039352,-0.001625472246613698,-0.00032024252291682913
954,0.0001641927528451111,-0.0016251208125093826,-0.00039687534401917603
955,0.00014602834377888929,-0.001623715066504646,-0.00018623205971921925
956,5.756292270508458e-05,-0.0016235664144126313,-0.0005570284756201243
957,0.00011795032788333944,-0.0016236144355125074,-0.0005084910458997146
958,0.0001249966071738687,-0.0016084849751868248,-0.0005663537721564197
959,0.00021963095775839837,-0.0016266950386794976,-0.0006161115910827221
960,0.00018496262576590139,-0.0016265710360027438,-0.0003344597148636312
961,0.00026995101379984727,-0.0016266328706469615,-0.0005310572885179931
962,0.0003882958229894436,-0.0016273491031095068,-0.0005833650064904445
963,0.0003194242330387703,-0.001626425145201365,-9.152665685068588e-05
964,0.00028429964286018816,-0.0016267526817519012,-0.0005705282002170036
965,0.0003329326818451372,-0.0016264028565466505,-7.04172664418642e-05
966,0.00029614740831201107,-0.001626345334674112,-3.249290845350303e-05
967,0.00017019177072429673,-0.0016261555543256195,-0.00021346435940652336
968,0.00025132545019114537,-0.0016260982010326951,-0.00015795835170314917
969,0.00019422487723311845,-0.0016252993459029601,-0.0004966237648654214
970,0.0002478309239292124,-0.0016256121455979365,-0.0006215563819458275
971,0.00034690388711146135,-0.0016274362425732684,-0.0006307630707202232
972,0.00033509050959892677,-0.001628239555176189,-0.0004999018389391608
973,0.0004196586263645465,-0.0016495521688181772,-0.00023590554418833427
974,0.00040935171822365505,-0.0016498890534378783,-0.00016422842866972218
975,0.00039432563621946194,-0.0016501035232599542,-0.0002695071402486518
976,0.00028085987214412016,-0.0016495514791217026,-0.0001679010983760524
977,0.00030122736966788576,-0.0016487452604425623,-0.00040651089491387977
978,0.00015843122749941875,-0.001648308694602506,-0.00037740812974214685
979,0.00015027740644167747,-0.0016479948541769473,-0.0005675707520147379
980,0.0001449170657721597,-0.001648312848156945,-0.0004067704997819079
981,0.0001097575168843775,-0.0016480392940363825,-0.0003721115025110174
982,0.00014480161831288392,-0.0016491011033752064,-0.0006587091397365159
983,0.00015748196944515228,-0.0016371200029315185,-0.0002848901047205692
984,0.00013103385243922534,-0.0016367649264628372,-0.0003715725013036978
985,3.39207824484788e-05,-0.0016357566941175023,-0.00020009832215062064
986,8.318602656357507e-05,-0.001636165652045002,-0.00037248323432876815
987,5.392299153218908e-05,-0.0016368047894454786,-0.0007634001745017954
988,0.00011991993111234665,-0.0016367866869367478,-0.00025631922324859547
989,0.00024925274117896205,-0.0016377010934451055,-0.0006360370815007513
990,0.0002948818698942367,-0.0016378730473370106,-0.00028347890918320993
991,0.0002965422245644358,-0.0016379635637505912,-0.00021821473781407543
992,0.00021121887618737035,-0.0016321601542900843,-0.00039834817991559466
993,0.00021612083583739814,-0.0016312171447622835,3.9352029874173216e-05
994,0.00013543709968151106,-0.0016311989150605002,-0.0006826234913742233
995,0.0001575534426828603,-0.0016309105722707446,-0.000589063417334976
996,0.00024259781284087002,-0.0016311219160386903,-0.0004796141554454219
997,0.0002764159378720249,-0.0016310361721904845,-0.00040407870408439126
998,0.00039053173247299025,-0.0016415184250942651,-0.0004216541707580914
999,0.0004023101555997193,-0.001641732468949147,-0.0004174842913366024
1000,0.00040728951136093474,-0.0016417413522817291,-0.00027815554975007574
1001,0.0002236732226866984,-0.0016413675629111273,-0.0003891780524856001
1002,0.0001736978436530835,-0.0016398875612720874,-2.9488037114438624e-05
1003,3.868341319930777e-05,-0.001639641498706568,-0.0005747396406277651
1004,-4.936153525282423e-05,-0.0016382934501816381,-0.0001351764221936785
1005,-3.7581821260315035e-05,-0.0016386197289468781,-0.0005141007807136125
1006,1.7872419663543338e-05,-0.0016382712890357454,-0.0005384965696516562
1007,0.00012011019867546276,-0.001638266814517394,-0.00026448722625259185
1008,0.00015322034459622143,-0.0016043038136969022,-0.0006779945151884892
1009,0.0003150363662777713,-0.0016183424932570498,-0.0006239383804517609
1010,0.0002983512176214171,-0.001617834090213499,-0.000229593451656661
1011,0.0002867598651256281,-0.0016171706839552872,-0.00038343556561965745
1012,0.0002916696490128449,-0.0016174160915489795,-0.00024630123397021276
1013,0.00024337366789884811,-0.00161735899749449,-0.0003539789570152989
1014,0.00015319597444275239,-0.001617578475517414,-0.0005173541551993732
1015,0.0001865134912632057,-0.0016173895883141328,-0.0004075947661385111
1016,0.00023351997887534345,-0.0016175959227579962,-0.00035388622993306497
1017,0.00011733469849594164,-0.0016166074903237275,-0.00036998726139299433
1018,0.00014563423378986058,-0.001616550930895807,-0.0003998859856746264
1019,0.0001689067052901211,-0.0015996666173933684,-0.0005060726616883994
1020,0.00012081136359912194,-0.0015993366390239245,-0.0005260064108119191
1021,0.0001473012071370025,-0.0016131217564753768,-0.00035420173049352955
1022,0.00016157958984155843,-0.0016127649522775969,-0.00018475111407415006
1023,0.00013359764757236243,-0.0016121761497477553,-0.0005093119304806906
1024,6.97376845936826e-05,-0.0016118825449284958,-0.00023751521994596998
1025,1.985407374659513e-05,-0.0016120591148327467,-0.0004966965468762329
1026,1.7829448398734692e-05,-0.0016121065449460786,-0.0005739301267103758
1027,0.00010864678373103737,-0.00161223167516984,-0.0003986311118688488
1028,0.0001268213262133545,-0.001611762232704921,-0.00029946437822979134
1029,0.00010173127028401341,-0.0016106302819665756,-0.0005325857625401529
1030,0.00021115600590960765,-0.0016106515667059916,-0.00041189394224666295
1031,0.0001883401496859231,-0.0015946232864860147,-9.817326519990808e-05
1032,0.00010571960511376317,-0.0015943139250632883,-0.00011953074200329465
1033,0.00014439489658073584,-0.0015940815151911194,-0.00033724655578174943
1034,0.0002067507925523752,-0.0015935093712100125,-0.000397551254579703
1035,0.0002387993379676246,-0.0015913577911792712,-0.0007439993141303815
1036,0.0003168170201687423,-0.0016049603602006737,-0.0006237108842786663
1037,0.000431066402271863,-0.0016214022262221654,-0.0005692239415186668
1038,0.00032980630815493926,-0.0016207272410595664,-4.466781043444359e-05
1039,0.0003656576495875222,-0.0016204451029285037,-0.000202669005077573
1040,0.00030210923753888483,-0.0016203401435186434,-0.0004048883615196901
1041,0.00021213331138979967,-0.0016206643795637682,-0.0006439123013336969
1042,0.0001351303092579785,-0.0016203194454475775,-0.0003577520357829016
1043,0.00013117661051589215,-0.0016193126125060488,-0.00016923640945652057
